{
  "type": [{
    "typeId": "org.jboss.gwt.elemento.template.DataElement",
    "implementsType": ["java.lang.annotation.Annotation"],
    "member": [{
      "name": "m_value__",
      "public": true,
      "startPosition": {
        "line": 17,
        "column": 2
      },
      "endPosition": {
        "line": 25,
        "column": 2
      }
    }, {
      "name": "$clinit",
      "public": true,
      "static": true,
      "invokedMethods": [{
        "method": "$clinit",
        "enclosingType": "org.jboss.gwt.elemento.template.DataElement",
        "kind": "STATIC"
      }, {
        "method": "$loadModules",
        "enclosingType": "org.jboss.gwt.elemento.template.DataElement",
        "kind": "STATIC"
      }],
      "referencedTypes": ["org.jboss.gwt.elemento.template.DataElement"],
      "startPosition": {
        "line": 25,
        "column": 2
      },
      "endPosition": {
        "line": 35,
        "column": 2
      }
    }],
    "headerSourceFilePath": "org/jboss/gwt/elemento/template/DataElement.java.js",
    "implSourceFilePath": "org/jboss/gwt/elemento/template/DataElement.impl.java.js"
  }, {
    "typeId": "org.jboss.gwt.elemento.template.TemplateUtil",
    "extendsType": "java.lang.Object",
    "member": [{
      "name": "constructor",
      "public": true,
      "invokedMethods": [{
        "method": "constructor",
        "enclosingType": "java.lang.Object",
        "kind": "STATIC"
      }],
      "referencedTypes": ["java.lang.Object"],
      "startPosition": {
        "line": 28,
        "column": 2
      },
      "endPosition": {
        "line": 35,
        "column": 2
      }
    }, {
      "name": "m_resolveElement__elemental2_dom_HTMLElement__java_lang_String",
      "public": true,
      "static": true,
      "invokedMethods": [{
        "method": "$clinit",
        "enclosingType": "org.jboss.gwt.elemento.template.TemplateUtil",
        "kind": "STATIC"
      }, {
        "method": "$f_DATA_ELEMENT__org_jboss_gwt_elemento_template_TemplateUtil_",
        "enclosingType": "org.jboss.gwt.elemento.template.TemplateUtil",
        "kind": "STATIC"
      }, {
        "method": "m_select__elemental2_dom_HTMLElement__java_lang_String",
        "enclosingType": "org.jboss.gwt.elemento.template.TemplateUtil.SelectorFunction"
      }, {
        "method": "m_cast__java_lang_Object",
        "enclosingType": "jsinterop.base.Js",
        "kind": "STATIC"
      }, {
        "method": "$to",
        "enclosingType": "vmbootstrap.Casts",
        "kind": "STATIC"
      }],
      "referencedTypes": ["org.jboss.gwt.elemento.template.TemplateUtil", "vmbootstrap.Casts", "jsinterop.base.Js", "elemental2.dom.HTMLElement.$Overlay"],
      "startPosition": {
        "line": 35,
        "column": 2
      },
      "endPosition": {
        "line": 48,
        "column": 2
      }
    }, {
      "name": "m_resolveElementAs__elemental2_dom_HTMLElement__java_lang_String",
      "public": true,
      "static": true,
      "invokedMethods": [{
        "method": "$clinit",
        "enclosingType": "org.jboss.gwt.elemento.template.TemplateUtil",
        "kind": "STATIC"
      }, {
        "method": "$f_DATA_ELEMENT__org_jboss_gwt_elemento_template_TemplateUtil_",
        "enclosingType": "org.jboss.gwt.elemento.template.TemplateUtil",
        "kind": "STATIC"
      }, {
        "method": "m_select__elemental2_dom_HTMLElement__java_lang_String",
        "enclosingType": "org.jboss.gwt.elemento.template.TemplateUtil.SelectorFunction"
      }, {
        "method": "m_cast__java_lang_Object",
        "enclosingType": "jsinterop.base.Js",
        "kind": "STATIC"
      }, {
        "method": "$to",
        "enclosingType": "vmbootstrap.Casts",
        "kind": "STATIC"
      }],
      "referencedTypes": ["org.jboss.gwt.elemento.template.TemplateUtil", "vmbootstrap.Casts", "jsinterop.base.Js", "elemental2.dom.HTMLElement.$Overlay"],
      "startPosition": {
        "line": 48,
        "column": 2
      },
      "endPosition": {
        "line": 62,
        "column": 2
      }
    }, {
      "name": "m_replaceElement__elemental2_dom_HTMLElement__java_lang_String__elemental2_dom_HTMLElement",
      "public": true,
      "static": true,
      "invokedMethods": [{
        "method": "$clinit",
        "enclosingType": "org.jboss.gwt.elemento.template.TemplateUtil",
        "kind": "STATIC"
      }, {
        "method": "$same",
        "enclosingType": "nativebootstrap.Equality",
        "kind": "STATIC"
      }, {
        "method": "$create__java_lang_String",
        "enclosingType": "java.lang.NullPointerException",
        "kind": "STATIC"
      }, {
        "method": "toJs",
        "enclosingType": "vmbootstrap.Exceptions",
        "kind": "STATIC"
      }, {
        "method": "m_resolveElement__elemental2_dom_HTMLElement__java_lang_String",
        "enclosingType": "org.jboss.gwt.elemento.template.TemplateUtil",
        "kind": "STATIC"
      }, {
        "method": "parentNode",
        "enclosingType": "Node"
      }, {
        "method": "replaceChild",
        "enclosingType": "Node"
      }],
      "referencedTypes": ["org.jboss.gwt.elemento.template.TemplateUtil", "nativebootstrap.Equality", "vmbootstrap.Exceptions", "java.lang.NullPointerException"],
      "startPosition": {
        "line": 62,
        "column": 2
      },
      "endPosition": {
        "line": 80,
        "column": 2
      }
    }, {
      "name": "m_replaceIsElement__elemental2_dom_HTMLElement__java_lang_String__org_jboss_gwt_elemento_core_IsElement",
      "public": true,
      "static": true,
      "invokedMethods": [{
        "method": "$clinit",
        "enclosingType": "org.jboss.gwt.elemento.template.TemplateUtil",
        "kind": "STATIC"
      }, {
        "method": "m_asElement__",
        "enclosingType": "org.jboss.gwt.elemento.core.IsElement"
      }, {
        "method": "m_replaceElement__elemental2_dom_HTMLElement__java_lang_String__elemental2_dom_HTMLElement",
        "enclosingType": "org.jboss.gwt.elemento.template.TemplateUtil",
        "kind": "STATIC"
      }],
      "referencedTypes": ["org.jboss.gwt.elemento.template.TemplateUtil"],
      "startPosition": {
        "line": 80,
        "column": 2
      },
      "endPosition": {
        "line": 92,
        "column": 2
      }
    }, {
      "name": "m_resolveCustomElement__elemental2_dom_HTMLElement__java_lang_String",
      "public": true,
      "static": true,
      "invokedMethods": [{
        "method": "$clinit",
        "enclosingType": "org.jboss.gwt.elemento.template.TemplateUtil",
        "kind": "STATIC"
      }, {
        "method": "$f_DATA_ELEMENT__org_jboss_gwt_elemento_template_TemplateUtil_",
        "enclosingType": "org.jboss.gwt.elemento.template.TemplateUtil",
        "kind": "STATIC"
      }, {
        "method": "m_select__elemental2_dom_HTMLElement__java_lang_String",
        "enclosingType": "org.jboss.gwt.elemento.template.TemplateUtil.SelectorFunction"
      }, {
        "method": "m_cast__java_lang_Object",
        "enclosingType": "jsinterop.base.Js",
        "kind": "STATIC"
      }],
      "referencedTypes": ["org.jboss.gwt.elemento.template.TemplateUtil", "jsinterop.base.Js"],
      "startPosition": {
        "line": 92,
        "column": 2
      },
      "endPosition": {
        "line": 106,
        "column": 2
      }
    }, {
      "name": "m_replaceCustomElement__elemental2_dom_HTMLElement__java_lang_String__java_lang_Object",
      "public": true,
      "static": true,
      "invokedMethods": [{
        "method": "$clinit",
        "enclosingType": "org.jboss.gwt.elemento.template.TemplateUtil",
        "kind": "STATIC"
      }, {
        "method": "m_cast__java_lang_Object",
        "enclosingType": "jsinterop.base.Js",
        "kind": "STATIC"
      }, {
        "method": "$to",
        "enclosingType": "vmbootstrap.Casts",
        "kind": "STATIC"
      }, {
        "method": "m_replaceElement__elemental2_dom_HTMLElement__java_lang_String__elemental2_dom_HTMLElement",
        "enclosingType": "org.jboss.gwt.elemento.template.TemplateUtil",
        "kind": "STATIC"
      }],
      "referencedTypes": ["org.jboss.gwt.elemento.template.TemplateUtil", "vmbootstrap.Casts", "jsinterop.base.Js", "elemental2.dom.HTMLElement.$Overlay"],
      "startPosition": {
        "line": 106,
        "column": 2
      },
      "endPosition": {
        "line": 120,
        "column": 2
      }
    }, {
      "name": "m_replaceExpression__elemental2_dom_HTMLElement__java_lang_String__java_lang_Object",
      "public": true,
      "static": true,
      "invokedMethods": [{
        "method": "$clinit",
        "enclosingType": "org.jboss.gwt.elemento.template.TemplateUtil",
        "kind": "STATIC"
      }, {
        "method": "$isInstance",
        "enclosingType": "org.gwtproject.safehtml.shared.SafeHtml",
        "kind": "STATIC"
      }, {
        "method": "$to",
        "enclosingType": "vmbootstrap.Casts",
        "kind": "STATIC"
      }, {
        "method": "m_valueOf__java_lang_Object",
        "enclosingType": "java.lang.String",
        "kind": "STATIC"
      }, {
        "method": "m_fromString__java_lang_String",
        "enclosingType": "org.gwtproject.safehtml.shared.SafeHtmlUtils",
        "kind": "STATIC"
      }, {
        "method": "m_replaceNestedExpressionInText__elemental2_dom_HTMLElement__java_lang_String__java_lang_String_$p_org_jboss_gwt_elemento_template_TemplateUtil",
        "enclosingType": "org.jboss.gwt.elemento.template.TemplateUtil",
        "kind": "STATIC"
      }, {
        "method": "m_asString__",
        "enclosingType": "org.gwtproject.safehtml.shared.SafeHtml"
      }, {
        "method": "m_replaceNestedExpressionInAttributes__elemental2_dom_HTMLElement__java_lang_String__java_lang_String_$p_org_jboss_gwt_elemento_template_TemplateUtil",
        "enclosingType": "org.jboss.gwt.elemento.template.TemplateUtil",
        "kind": "STATIC"
      }, {
        "method": "m_replaceExpressionInAttributes__elemental2_dom_HTMLElement__java_lang_String__java_lang_String_$p_org_jboss_gwt_elemento_template_TemplateUtil",
        "enclosingType": "org.jboss.gwt.elemento.template.TemplateUtil",
        "kind": "STATIC"
      }],
      "referencedTypes": ["org.jboss.gwt.elemento.template.TemplateUtil", "org.gwtproject.safehtml.shared.SafeHtml", "vmbootstrap.Casts", "org.gwtproject.safehtml.shared.SafeHtmlUtils", "java.lang.String"],
      "startPosition": {
        "line": 120,
        "column": 2
      },
      "endPosition": {
        "line": 140,
        "column": 2
      }
    }, {
      "name": "m_replaceNestedExpressionInText__elemental2_dom_HTMLElement__java_lang_String__java_lang_String_$p_org_jboss_gwt_elemento_template_TemplateUtil",
      "static": true,
      "invokedMethods": [{
        "method": "$clinit",
        "enclosingType": "org.jboss.gwt.elemento.template.TemplateUtil",
        "kind": "STATIC"
      }, {
        "method": "f_document__elemental2_dom_DomGlobal_$Overlay",
        "enclosingType": "elemental2.dom.DomGlobal.$Overlay",
        "kind": "STATIC"
      }, {
        "method": "f_SHOW_TEXT__elemental2_dom_NodeFilter_$Overlay",
        "enclosingType": "elemental2.dom.NodeFilter.$Overlay",
        "kind": "STATIC"
      }, {
        "method": "createTreeWalker",
        "enclosingType": "HTMLDocument"
      }, {
        "method": "nextNode",
        "enclosingType": "TreeWalker"
      }, {
        "method": "$same",
        "enclosingType": "nativebootstrap.Equality",
        "kind": "STATIC"
      }, {
        "method": "currentNode",
        "enclosingType": "TreeWalker"
      }, {
        "method": "nodeValue",
        "enclosingType": "Node"
      }, {
        "method": "m_contains__java_lang_String__java_lang_CharSequence",
        "enclosingType": "java.lang.String",
        "kind": "STATIC"
      }, {
        "method": "m_replace__java_lang_String__java_lang_CharSequence__java_lang_CharSequence",
        "enclosingType": "java.lang.String",
        "kind": "STATIC"
      }],
      "referencedTypes": ["org.jboss.gwt.elemento.template.TemplateUtil", "elemental2.dom.DomGlobal.$Overlay", "elemental2.dom.NodeFilter.$Overlay", "nativebootstrap.Equality", "java.lang.String"],
      "startPosition": {
        "line": 140,
        "column": 2
      },
      "endPosition": {
        "line": 157,
        "column": 2
      }
    }, {
      "name": "m_replaceNestedExpressionInAttributes__elemental2_dom_HTMLElement__java_lang_String__java_lang_String_$p_org_jboss_gwt_elemento_template_TemplateUtil",
      "static": true,
      "invokedMethods": [{
        "method": "$clinit",
        "enclosingType": "org.jboss.gwt.elemento.template.TemplateUtil",
        "kind": "STATIC"
      }, {
        "method": "f_document__elemental2_dom_DomGlobal_$Overlay",
        "enclosingType": "elemental2.dom.DomGlobal.$Overlay",
        "kind": "STATIC"
      }, {
        "method": "f_SHOW_ELEMENT__elemental2_dom_NodeFilter_$Overlay",
        "enclosingType": "elemental2.dom.NodeFilter.$Overlay",
        "kind": "STATIC"
      }, {
        "method": "createTreeWalker",
        "enclosingType": "HTMLDocument"
      }, {
        "method": "nextNode",
        "enclosingType": "TreeWalker"
      }, {
        "method": "$same",
        "enclosingType": "nativebootstrap.Equality",
        "kind": "STATIC"
      }, {
        "method": "currentNode",
        "enclosingType": "TreeWalker"
      }, {
        "method": "$isInstance",
        "enclosingType": "elemental2.dom.HTMLElement.$Overlay",
        "kind": "STATIC"
      }, {
        "method": "$to",
        "enclosingType": "vmbootstrap.Casts",
        "kind": "STATIC"
      }, {
        "method": "m_replaceExpressionInAttributes__elemental2_dom_HTMLElement__java_lang_String__java_lang_String_$p_org_jboss_gwt_elemento_template_TemplateUtil",
        "enclosingType": "org.jboss.gwt.elemento.template.TemplateUtil",
        "kind": "STATIC"
      }],
      "referencedTypes": ["org.jboss.gwt.elemento.template.TemplateUtil", "elemental2.dom.DomGlobal.$Overlay", "elemental2.dom.NodeFilter.$Overlay", "nativebootstrap.Equality", "elemental2.dom.HTMLElement.$Overlay", "vmbootstrap.Casts"],
      "startPosition": {
        "line": 157,
        "column": 2
      },
      "endPosition": {
        "line": 174,
        "column": 2
      }
    }, {
      "name": "m_replaceExpressionInAttributes__elemental2_dom_HTMLElement__java_lang_String__java_lang_String_$p_org_jboss_gwt_elemento_template_TemplateUtil",
      "static": true,
      "invokedMethods": [{
        "method": "$clinit",
        "enclosingType": "org.jboss.gwt.elemento.template.TemplateUtil",
        "kind": "STATIC"
      }, {
        "method": "attributes",
        "enclosingType": "Element"
      }, {
        "method": "m_getLength__jsinterop_base_JsArrayLike",
        "enclosingType": "jsinterop.base.JsArrayLike.$Overlay",
        "kind": "STATIC"
      }, {
        "method": "item",
        "enclosingType": "NamedNodeMap"
      }, {
        "method": "nodeValue",
        "enclosingType": "Node"
      }, {
        "method": "$same",
        "enclosingType": "nativebootstrap.Equality",
        "kind": "STATIC"
      }, {
        "method": "m_contains__java_lang_String__java_lang_CharSequence",
        "enclosingType": "java.lang.String",
        "kind": "STATIC"
      }, {
        "method": "m_replace__java_lang_String__java_lang_CharSequence__java_lang_CharSequence",
        "enclosingType": "java.lang.String",
        "kind": "STATIC"
      }],
      "referencedTypes": ["org.jboss.gwt.elemento.template.TemplateUtil", "jsinterop.base.JsArrayLike.$Overlay", "nativebootstrap.Equality", "java.lang.String"],
      "startPosition": {
        "line": 174,
        "column": 2
      },
      "endPosition": {
        "line": 193,
        "column": 2
      }
    }, {
      "name": "$create__",
      "public": true,
      "static": true,
      "invokedMethods": [{
        "method": "$clinit",
        "enclosingType": "org.jboss.gwt.elemento.template.TemplateUtil",
        "kind": "STATIC"
      }, {
        "method": "constructor",
        "enclosingType": "org.jboss.gwt.elemento.template.TemplateUtil",
        "kind": "INSTANTIATION"
      }, {
        "method": "$ctor__org_jboss_gwt_elemento_template_TemplateUtil__",
        "enclosingType": "org.jboss.gwt.elemento.template.TemplateUtil"
      }],
      "referencedTypes": ["org.jboss.gwt.elemento.template.TemplateUtil"],
      "startPosition": {
        "line": 193,
        "column": 2
      },
      "endPosition": {
        "line": 204,
        "column": 2
      }
    }, {
      "name": "$ctor__org_jboss_gwt_elemento_template_TemplateUtil__",
      "public": true,
      "invokedMethods": [{
        "method": "$ctor__java_lang_Object__",
        "enclosingType": "java.lang.Object"
      }],
      "startPosition": {
        "line": 204,
        "column": 2
      },
      "endPosition": {
        "line": 212,
        "column": 2
      }
    }, {
      "name": "$f_DATA_ELEMENT__org_jboss_gwt_elemento_template_TemplateUtil_",
      "static": true,
      "startPosition": {
        "line": 286
      },
      "endPosition": {
        "line": 290
      }
    }, {
      "name": "f_DATA_ELEMENT__org_jboss_gwt_elemento_template_TemplateUtil_",
      "static": true,
      "invokedMethods": [{
        "method": "$clinit",
        "enclosingType": "org.jboss.gwt.elemento.template.TemplateUtil",
        "kind": "STATIC"
      }, {
        "method": "$f_DATA_ELEMENT__org_jboss_gwt_elemento_template_TemplateUtil_",
        "enclosingType": "org.jboss.gwt.elemento.template.TemplateUtil",
        "kind": "STATIC"
      }],
      "referencedTypes": ["org.jboss.gwt.elemento.template.TemplateUtil"],
      "startPosition": {
        "line": 220,
        "column": 2
      },
      "endPosition": {
        "line": 229,
        "column": 2
      }
    }, {
      "name": "$clinit",
      "public": true,
      "static": true,
      "invokedMethods": [{
        "method": "$clinit",
        "enclosingType": "org.jboss.gwt.elemento.template.TemplateUtil",
        "kind": "STATIC"
      }, {
        "method": "$loadModules",
        "enclosingType": "org.jboss.gwt.elemento.template.TemplateUtil",
        "kind": "STATIC"
      }, {
        "method": "$clinit",
        "enclosingType": "java.lang.Object",
        "kind": "STATIC"
      }, {
        "method": "$f_DATA_ELEMENT__org_jboss_gwt_elemento_template_TemplateUtil_",
        "enclosingType": "org.jboss.gwt.elemento.template.TemplateUtil",
        "kind": "STATIC"
      }, {
        "method": "m_valueOf__java_lang_Object",
        "enclosingType": "java.lang.String",
        "kind": "STATIC"
      }, {
        "method": "querySelector",
        "enclosingType": "Element"
      }, {
        "method": "$adapt",
        "enclosingType": "org.jboss.gwt.elemento.template.TemplateUtil.SelectorFunction",
        "kind": "STATIC"
      }],
      "referencedTypes": ["org.jboss.gwt.elemento.template.TemplateUtil", "java.lang.Object", "org.jboss.gwt.elemento.template.TemplateUtil.SelectorFunction", "java.lang.String"],
      "startPosition": {
        "line": 229,
        "column": 2
      },
      "endPosition": {
        "line": 243,
        "column": 2
      }
    }],
    "headerSourceFilePath": "org/jboss/gwt/elemento/template/TemplateUtil.java.js",
    "implSourceFilePath": "org/jboss/gwt/elemento/template/TemplateUtil.impl.java.js"
  }, {
    "typeId": "org.jboss.gwt.elemento.template.TemplateUtil.SelectorFunction",
    "member": [{
      "name": "m_select__elemental2_dom_HTMLElement__java_lang_String",
      "public": true,
      "startPosition": {
        "line": 19,
        "column": 2
      },
      "endPosition": {
        "line": 29,
        "column": 2
      }
    }, {
      "name": "$adapt",
      "public": true,
      "static": true,
      "invokedMethods": [{
        "method": "$clinit",
        "enclosingType": "org.jboss.gwt.elemento.template.TemplateUtil.SelectorFunction",
        "kind": "STATIC"
      }, {
        "method": "constructor",
        "enclosingType": "org.jboss.gwt.elemento.template.TemplateUtil.SelectorFunction.$LambdaAdaptor",
        "kind": "INSTANTIATION"
      }],
      "referencedTypes": ["org.jboss.gwt.elemento.template.TemplateUtil.SelectorFunction", "org.jboss.gwt.elemento.template.TemplateUtil.SelectorFunction.$LambdaAdaptor"],
      "startPosition": {
        "line": 29,
        "column": 2
      },
      "endPosition": {
        "line": 39,
        "column": 2
      }
    }, {
      "name": "$clinit",
      "public": true,
      "static": true,
      "invokedMethods": [{
        "method": "$clinit",
        "enclosingType": "org.jboss.gwt.elemento.template.TemplateUtil.SelectorFunction",
        "kind": "STATIC"
      }, {
        "method": "$loadModules",
        "enclosingType": "org.jboss.gwt.elemento.template.TemplateUtil.SelectorFunction",
        "kind": "STATIC"
      }],
      "referencedTypes": ["org.jboss.gwt.elemento.template.TemplateUtil.SelectorFunction"],
      "startPosition": {
        "line": 39,
        "column": 2
      },
      "endPosition": {
        "line": 49,
        "column": 2
      }
    }],
    "headerSourceFilePath": "org/jboss/gwt/elemento/template/TemplateUtil$SelectorFunction.java.js",
    "implSourceFilePath": "org/jboss/gwt/elemento/template/TemplateUtil$SelectorFunction.impl.java.js"
  }, {
    "typeId": "org.jboss.gwt.elemento.template.TemplateUtil.SelectorFunction.$LambdaAdaptor",
    "extendsType": "java.lang.Object",
    "implementsType": ["org.jboss.gwt.elemento.template.TemplateUtil.SelectorFunction"],
    "member": [{
      "name": "constructor",
      "public": true,
      "invokedMethods": [{
        "method": "$clinit",
        "enclosingType": "org.jboss.gwt.elemento.template.TemplateUtil.SelectorFunction.$LambdaAdaptor",
        "kind": "STATIC"
      }, {
        "method": "constructor",
        "enclosingType": "java.lang.Object",
        "kind": "STATIC"
      }, {
        "method": "f_$$fn__org_jboss_gwt_elemento_template_TemplateUtil_SelectorFunction_$LambdaAdaptor",
        "enclosingType": "org.jboss.gwt.elemento.template.TemplateUtil.SelectorFunction.$LambdaAdaptor"
      }, {
        "method": "$ctor__org_jboss_gwt_elemento_template_TemplateUtil_SelectorFunction_$LambdaAdaptor__org_jboss_gwt_elemento_template_TemplateUtil_SelectorFunction_$JsFunction",
        "enclosingType": "org.jboss.gwt.elemento.template.TemplateUtil.SelectorFunction.$LambdaAdaptor"
      }],
      "referencedTypes": ["org.jboss.gwt.elemento.template.TemplateUtil.SelectorFunction.$LambdaAdaptor", "java.lang.Object"],
      "startPosition": {
        "line": 20,
        "column": 2
      },
      "endPosition": {
        "line": 32,
        "column": 2
      }
    }, {
      "name": "$ctor__org_jboss_gwt_elemento_template_TemplateUtil_SelectorFunction_$LambdaAdaptor__org_jboss_gwt_elemento_template_TemplateUtil_SelectorFunction_$JsFunction",
      "public": true,
      "invokedMethods": [{
        "method": "$ctor__java_lang_Object__",
        "enclosingType": "java.lang.Object"
      }, {
        "method": "f_$$fn__org_jboss_gwt_elemento_template_TemplateUtil_SelectorFunction_$LambdaAdaptor",
        "enclosingType": "org.jboss.gwt.elemento.template.TemplateUtil.SelectorFunction.$LambdaAdaptor"
      }],
      "startPosition": {
        "line": 32,
        "column": 2
      },
      "endPosition": {
        "line": 42,
        "column": 2
      }
    }, {
      "name": "m_select__elemental2_dom_HTMLElement__java_lang_String",
      "public": true,
      "invokedMethods": [{
        "method": "f_$$fn__org_jboss_gwt_elemento_template_TemplateUtil_SelectorFunction_$LambdaAdaptor",
        "enclosingType": "org.jboss.gwt.elemento.template.TemplateUtil.SelectorFunction.$LambdaAdaptor"
      }],
      "startPosition": {
        "line": 42,
        "column": 2
      },
      "endPosition": {
        "line": 53,
        "column": 2
      }
    }, {
      "name": "f_$$fn__org_jboss_gwt_elemento_template_TemplateUtil_SelectorFunction_$LambdaAdaptor",
      "public": true
    }, {
      "name": "$clinit",
      "public": true,
      "static": true,
      "invokedMethods": [{
        "method": "$clinit",
        "enclosingType": "org.jboss.gwt.elemento.template.TemplateUtil.SelectorFunction.$LambdaAdaptor",
        "kind": "STATIC"
      }, {
        "method": "$loadModules",
        "enclosingType": "org.jboss.gwt.elemento.template.TemplateUtil.SelectorFunction.$LambdaAdaptor",
        "kind": "STATIC"
      }, {
        "method": "$clinit",
        "enclosingType": "java.lang.Object",
        "kind": "STATIC"
      }],
      "referencedTypes": ["org.jboss.gwt.elemento.template.TemplateUtil.SelectorFunction.$LambdaAdaptor", "java.lang.Object"],
      "startPosition": {
        "line": 53,
        "column": 2
      },
      "endPosition": {
        "line": 64,
        "column": 2
      }
    }],
    "headerSourceFilePath": "org/jboss/gwt/elemento/template/TemplateUtil$SelectorFunction$$LambdaAdaptor.java.js",
    "implSourceFilePath": "org/jboss/gwt/elemento/template/TemplateUtil$SelectorFunction$$LambdaAdaptor.impl.java.js"
  }, {
    "typeId": "org.jboss.gwt.elemento.template.Templated",
    "implementsType": ["java.lang.annotation.Annotation"],
    "member": [{
      "name": "m_value__",
      "public": true,
      "startPosition": {
        "line": 19,
        "column": 2
      },
      "endPosition": {
        "line": 27,
        "column": 2
      }
    }, {
      "name": "m_injectable__",
      "public": true,
      "startPosition": {
        "line": 27,
        "column": 2
      },
      "endPosition": {
        "line": 35,
        "column": 2
      }
    }, {
      "name": "$clinit",
      "public": true,
      "static": true,
      "invokedMethods": [{
        "method": "$clinit",
        "enclosingType": "org.jboss.gwt.elemento.template.Templated",
        "kind": "STATIC"
      }, {
        "method": "$loadModules",
        "enclosingType": "org.jboss.gwt.elemento.template.Templated",
        "kind": "STATIC"
      }],
      "referencedTypes": ["org.jboss.gwt.elemento.template.Templated"],
      "startPosition": {
        "line": 35,
        "column": 2
      },
      "endPosition": {
        "line": 45,
        "column": 2
      }
    }],
    "headerSourceFilePath": "org/jboss/gwt/elemento/template/Templated.java.js",
    "implSourceFilePath": "org/jboss/gwt/elemento/template/Templated.impl.java.js"
  }, {
    "typeId": "org.jboss.gwt.elemento.template.Templated.Injectable",
    "extendsType": "java.lang.Enum",
    "member": [{
      "name": "constructor",
      "public": true,
      "invokedMethods": [{
        "method": "constructor",
        "enclosingType": "java.lang.Enum",
        "kind": "STATIC"
      }],
      "referencedTypes": ["java.lang.Enum"],
      "startPosition": {
        "line": 21,
        "column": 2
      },
      "endPosition": {
        "line": 28,
        "column": 2
      }
    }, {
      "name": "$create__java_lang_String__int",
      "public": true,
      "static": true,
      "invokedMethods": [{
        "method": "constructor",
        "enclosingType": "org.jboss.gwt.elemento.template.Templated.Injectable",
        "kind": "INSTANTIATION"
      }, {
        "method": "$ctor__org_jboss_gwt_elemento_template_Templated_Injectable__java_lang_String__int",
        "enclosingType": "org.jboss.gwt.elemento.template.Templated.Injectable"
      }],
      "referencedTypes": ["org.jboss.gwt.elemento.template.Templated.Injectable"],
      "startPosition": {
        "line": 28,
        "column": 2
      },
      "endPosition": {
        "line": 40,
        "column": 2
      }
    }, {
      "name": "$ctor__org_jboss_gwt_elemento_template_Templated_Injectable__java_lang_String__int",
      "public": true,
      "invokedMethods": [{
        "method": "f_name__java_lang_Enum_",
        "enclosingType": "java.lang.Enum"
      }, {
        "method": "f_ordinal__java_lang_Enum_",
        "enclosingType": "java.lang.Enum"
      }, {
        "method": "$ctor__java_lang_Enum__java_lang_String__int",
        "enclosingType": "java.lang.Enum"
      }],
      "startPosition": {
        "line": 40,
        "column": 2
      },
      "endPosition": {
        "line": 52,
        "column": 2
      }
    }, {
      "name": "m_valueOf__java_lang_String",
      "public": true,
      "static": true,
      "invokedMethods": [{
        "method": "$clinit",
        "enclosingType": "org.jboss.gwt.elemento.template.Templated.Injectable",
        "kind": "STATIC"
      }, {
        "method": "$f_namesToValuesMap__org_jboss_gwt_elemento_template_Templated_Injectable_",
        "enclosingType": "org.jboss.gwt.elemento.template.Templated.Injectable",
        "kind": "STATIC"
      }, {
        "method": "$same",
        "enclosingType": "nativebootstrap.Equality",
        "kind": "STATIC"
      }, {
        "method": "m_values__",
        "enclosingType": "org.jboss.gwt.elemento.template.Templated.Injectable",
        "kind": "STATIC"
      }, {
        "method": "createMapFromValues",
        "enclosingType": "vmbootstrap.Enums",
        "kind": "STATIC"
      }, {
        "method": "getValueFromNameAndMap",
        "enclosingType": "vmbootstrap.Enums",
        "kind": "STATIC"
      }],
      "referencedTypes": ["org.jboss.gwt.elemento.template.Templated.Injectable", "nativebootstrap.Equality", "vmbootstrap.Enums"],
      "startPosition": {
        "line": 52,
        "column": 2
      },
      "endPosition": {
        "line": 65,
        "column": 2
      }
    }, {
      "name": "m_values__",
      "public": true,
      "static": true,
      "invokedMethods": [{
        "method": "$clinit",
        "enclosingType": "org.jboss.gwt.elemento.template.Templated.Injectable",
        "kind": "STATIC"
      }, {
        "method": "$f_TRUE__org_jboss_gwt_elemento_template_Templated_Injectable",
        "enclosingType": "org.jboss.gwt.elemento.template.Templated.Injectable",
        "kind": "STATIC"
      }, {
        "method": "$f_FALSE__org_jboss_gwt_elemento_template_Templated_Injectable",
        "enclosingType": "org.jboss.gwt.elemento.template.Templated.Injectable",
        "kind": "STATIC"
      }, {
        "method": "$f_IF_DI_DETECTED__org_jboss_gwt_elemento_template_Templated_Injectable",
        "enclosingType": "org.jboss.gwt.elemento.template.Templated.Injectable",
        "kind": "STATIC"
      }, {
        "method": "$init",
        "enclosingType": "vmbootstrap.Arrays",
        "kind": "STATIC"
      }],
      "referencedTypes": ["org.jboss.gwt.elemento.template.Templated.Injectable", "vmbootstrap.Arrays"],
      "startPosition": {
        "line": 65,
        "column": 2
      },
      "endPosition": {
        "line": 74,
        "column": 2
      }
    }, {
      "name": "m_compareTo__java_lang_Object",
      "public": true,
      "invokedMethods": [{
        "method": "$to",
        "enclosingType": "vmbootstrap.Casts",
        "kind": "STATIC"
      }, {
        "method": "compareTo",
        "enclosingType": "java.lang.Enum",
        "kind": "STATIC"
      }],
      "referencedTypes": ["vmbootstrap.Casts", "org.jboss.gwt.elemento.template.Templated.Injectable"],
      "startPosition": {
        "line": 74,
        "column": 2
      },
      "endPosition": {
        "line": 85,
        "column": 2
      }
    }, {
      "name": "$f_TRUE__org_jboss_gwt_elemento_template_Templated_Injectable",
      "public": true,
      "static": true,
      "startPosition": {
        "line": 202
      },
      "endPosition": {
        "line": 206
      }
    }, {
      "name": "$f_FALSE__org_jboss_gwt_elemento_template_Templated_Injectable",
      "public": true,
      "static": true,
      "startPosition": {
        "line": 206
      },
      "endPosition": {
        "line": 210
      }
    }, {
      "name": "$f_IF_DI_DETECTED__org_jboss_gwt_elemento_template_Templated_Injectable",
      "public": true,
      "static": true,
      "startPosition": {
        "line": 210
      },
      "endPosition": {
        "line": 214
      }
    }, {
      "name": "$f_namesToValuesMap__org_jboss_gwt_elemento_template_Templated_Injectable_",
      "static": true,
      "startPosition": {
        "line": 214
      },
      "endPosition": {
        "line": 218
      }
    }, {
      "name": "$ordinal$f_TRUE__org_jboss_gwt_elemento_template_Templated_Injectable",
      "public": true,
      "static": true,
      "startPosition": {
        "line": 218
      },
      "endPosition": {
        "line": 222
      }
    }, {
      "name": "$ordinal$f_FALSE__org_jboss_gwt_elemento_template_Templated_Injectable",
      "public": true,
      "static": true,
      "startPosition": {
        "line": 222
      },
      "endPosition": {
        "line": 226
      }
    }, {
      "name": "$ordinal$f_IF_DI_DETECTED__org_jboss_gwt_elemento_template_Templated_Injectable",
      "public": true,
      "static": true,
      "startPosition": {
        "line": 226
      },
      "endPosition": {
        "line": 230
      }
    }, {
      "name": "f_TRUE__org_jboss_gwt_elemento_template_Templated_Injectable",
      "public": true,
      "static": true,
      "invokedMethods": [{
        "method": "$clinit",
        "enclosingType": "org.jboss.gwt.elemento.template.Templated.Injectable",
        "kind": "STATIC"
      }, {
        "method": "$f_TRUE__org_jboss_gwt_elemento_template_Templated_Injectable",
        "enclosingType": "org.jboss.gwt.elemento.template.Templated.Injectable",
        "kind": "STATIC"
      }],
      "referencedTypes": ["org.jboss.gwt.elemento.template.Templated.Injectable"],
      "startPosition": {
        "line": 93,
        "column": 2
      },
      "endPosition": {
        "line": 102,
        "column": 2
      }
    }, {
      "name": "f_FALSE__org_jboss_gwt_elemento_template_Templated_Injectable",
      "public": true,
      "static": true,
      "invokedMethods": [{
        "method": "$clinit",
        "enclosingType": "org.jboss.gwt.elemento.template.Templated.Injectable",
        "kind": "STATIC"
      }, {
        "method": "$f_FALSE__org_jboss_gwt_elemento_template_Templated_Injectable",
        "enclosingType": "org.jboss.gwt.elemento.template.Templated.Injectable",
        "kind": "STATIC"
      }],
      "referencedTypes": ["org.jboss.gwt.elemento.template.Templated.Injectable"],
      "startPosition": {
        "line": 110,
        "column": 2
      },
      "endPosition": {
        "line": 119,
        "column": 2
      }
    }, {
      "name": "f_IF_DI_DETECTED__org_jboss_gwt_elemento_template_Templated_Injectable",
      "public": true,
      "static": true,
      "invokedMethods": [{
        "method": "$clinit",
        "enclosingType": "org.jboss.gwt.elemento.template.Templated.Injectable",
        "kind": "STATIC"
      }, {
        "method": "$f_IF_DI_DETECTED__org_jboss_gwt_elemento_template_Templated_Injectable",
        "enclosingType": "org.jboss.gwt.elemento.template.Templated.Injectable",
        "kind": "STATIC"
      }],
      "referencedTypes": ["org.jboss.gwt.elemento.template.Templated.Injectable"],
      "startPosition": {
        "line": 127,
        "column": 2
      },
      "endPosition": {
        "line": 136,
        "column": 2
      }
    }, {
      "name": "f_namesToValuesMap__org_jboss_gwt_elemento_template_Templated_Injectable_",
      "static": true,
      "invokedMethods": [{
        "method": "$clinit",
        "enclosingType": "org.jboss.gwt.elemento.template.Templated.Injectable",
        "kind": "STATIC"
      }, {
        "method": "$f_namesToValuesMap__org_jboss_gwt_elemento_template_Templated_Injectable_",
        "enclosingType": "org.jboss.gwt.elemento.template.Templated.Injectable",
        "kind": "STATIC"
      }],
      "referencedTypes": ["org.jboss.gwt.elemento.template.Templated.Injectable"],
      "startPosition": {
        "line": 144,
        "column": 2
      },
      "endPosition": {
        "line": 153,
        "column": 2
      }
    }, {
      "name": "$clinit",
      "public": true,
      "static": true,
      "invokedMethods": [{
        "method": "$clinit",
        "enclosingType": "org.jboss.gwt.elemento.template.Templated.Injectable",
        "kind": "STATIC"
      }, {
        "method": "$loadModules",
        "enclosingType": "org.jboss.gwt.elemento.template.Templated.Injectable",
        "kind": "STATIC"
      }, {
        "method": "$clinit",
        "enclosingType": "java.lang.Enum",
        "kind": "STATIC"
      }, {
        "method": "$f_TRUE__org_jboss_gwt_elemento_template_Templated_Injectable",
        "enclosingType": "org.jboss.gwt.elemento.template.Templated.Injectable",
        "kind": "STATIC"
      }, {
        "method": "$makeEnumName",
        "enclosingType": "nativebootstrap.Util",
        "kind": "STATIC"
      }, {
        "method": "$ordinal$f_TRUE__org_jboss_gwt_elemento_template_Templated_Injectable",
        "enclosingType": "org.jboss.gwt.elemento.template.Templated.Injectable",
        "kind": "STATIC"
      }, {
        "method": "$create__java_lang_String__int",
        "enclosingType": "org.jboss.gwt.elemento.template.Templated.Injectable",
        "kind": "STATIC"
      }, {
        "method": "$f_FALSE__org_jboss_gwt_elemento_template_Templated_Injectable",
        "enclosingType": "org.jboss.gwt.elemento.template.Templated.Injectable",
        "kind": "STATIC"
      }, {
        "method": "$ordinal$f_FALSE__org_jboss_gwt_elemento_template_Templated_Injectable",
        "enclosingType": "org.jboss.gwt.elemento.template.Templated.Injectable",
        "kind": "STATIC"
      }, {
        "method": "$f_IF_DI_DETECTED__org_jboss_gwt_elemento_template_Templated_Injectable",
        "enclosingType": "org.jboss.gwt.elemento.template.Templated.Injectable",
        "kind": "STATIC"
      }, {
        "method": "$ordinal$f_IF_DI_DETECTED__org_jboss_gwt_elemento_template_Templated_Injectable",
        "enclosingType": "org.jboss.gwt.elemento.template.Templated.Injectable",
        "kind": "STATIC"
      }, {
        "method": "$f_namesToValuesMap__org_jboss_gwt_elemento_template_Templated_Injectable_",
        "enclosingType": "org.jboss.gwt.elemento.template.Templated.Injectable",
        "kind": "STATIC"
      }],
      "referencedTypes": ["org.jboss.gwt.elemento.template.Templated.Injectable", "java.lang.Enum", "nativebootstrap.Util"],
      "startPosition": {
        "line": 153,
        "column": 2
      },
      "endPosition": {
        "line": 168,
        "column": 2
      }
    }],
    "headerSourceFilePath": "org/jboss/gwt/elemento/template/Templated$Injectable.java.js",
    "implSourceFilePath": "org/jboss/gwt/elemento/template/Templated$Injectable.impl.java.js"
  }]
}