{
  "type": [{
    "typeId": "javax.enterprise.context.ApplicationScoped",
    "implementsType": ["java.lang.annotation.Annotation"],
    "member": [{
      "name": "$adapt",
      "public": true,
      "static": true,
      "invokedMethods": [{
        "method": "$clinit",
        "enclosingType": "javax.enterprise.context.ApplicationScoped",
        "kind": "STATIC"
      }, {
        "method": "constructor",
        "enclosingType": "javax.enterprise.context.ApplicationScoped.$LambdaAdaptor",
        "kind": "INSTANTIATION"
      }],
      "referencedTypes": ["javax.enterprise.context.ApplicationScoped", "javax.enterprise.context.ApplicationScoped.$LambdaAdaptor"],
      "startPosition": {
        "line": 20,
        "column": 2
      },
      "endPosition": {
        "line": 30,
        "column": 2
      }
    }, {
      "name": "$clinit",
      "public": true,
      "static": true,
      "invokedMethods": [{
        "method": "$clinit",
        "enclosingType": "javax.enterprise.context.ApplicationScoped",
        "kind": "STATIC"
      }, {
        "method": "$loadModules",
        "enclosingType": "javax.enterprise.context.ApplicationScoped",
        "kind": "STATIC"
      }],
      "referencedTypes": ["javax.enterprise.context.ApplicationScoped"],
      "startPosition": {
        "line": 30,
        "column": 2
      },
      "endPosition": {
        "line": 40,
        "column": 2
      }
    }],
    "headerSourceFilePath": "javax/enterprise/context/ApplicationScoped.java.js",
    "implSourceFilePath": "javax/enterprise/context/ApplicationScoped.impl.java.js"
  }, {
    "typeId": "javax.enterprise.context.ApplicationScoped.$LambdaAdaptor",
    "extendsType": "java.lang.Object",
    "implementsType": ["javax.enterprise.context.ApplicationScoped"],
    "member": [{
      "name": "constructor",
      "public": true,
      "invokedMethods": [{
        "method": "$clinit",
        "enclosingType": "javax.enterprise.context.ApplicationScoped.$LambdaAdaptor",
        "kind": "STATIC"
      }, {
        "method": "constructor",
        "enclosingType": "java.lang.Object",
        "kind": "STATIC"
      }, {
        "method": "f_$$fn__javax_enterprise_context_ApplicationScoped_$LambdaAdaptor",
        "enclosingType": "javax.enterprise.context.ApplicationScoped.$LambdaAdaptor"
      }, {
        "method": "$ctor__javax_enterprise_context_ApplicationScoped_$LambdaAdaptor__javax_enterprise_context_ApplicationScoped_$JsFunction",
        "enclosingType": "javax.enterprise.context.ApplicationScoped.$LambdaAdaptor"
      }],
      "referencedTypes": ["javax.enterprise.context.ApplicationScoped.$LambdaAdaptor", "java.lang.Object"],
      "startPosition": {
        "line": 20,
        "column": 2
      },
      "endPosition": {
        "line": 32,
        "column": 2
      }
    }, {
      "name": "$ctor__javax_enterprise_context_ApplicationScoped_$LambdaAdaptor__javax_enterprise_context_ApplicationScoped_$JsFunction",
      "public": true,
      "invokedMethods": [{
        "method": "$ctor__java_lang_Object__",
        "enclosingType": "java.lang.Object"
      }, {
        "method": "f_$$fn__javax_enterprise_context_ApplicationScoped_$LambdaAdaptor",
        "enclosingType": "javax.enterprise.context.ApplicationScoped.$LambdaAdaptor"
      }],
      "startPosition": {
        "line": 32,
        "column": 2
      },
      "endPosition": {
        "line": 42,
        "column": 2
      }
    }, {
      "name": "m_annotationType__",
      "public": true,
      "invokedMethods": [{
        "method": "f_$$fn__javax_enterprise_context_ApplicationScoped_$LambdaAdaptor",
        "enclosingType": "javax.enterprise.context.ApplicationScoped.$LambdaAdaptor"
      }],
      "startPosition": {
        "line": 42,
        "column": 2
      },
      "endPosition": {
        "line": 51,
        "column": 2
      }
    }, {
      "name": "f_$$fn__javax_enterprise_context_ApplicationScoped_$LambdaAdaptor",
      "public": true
    }, {
      "name": "$clinit",
      "public": true,
      "static": true,
      "invokedMethods": [{
        "method": "$clinit",
        "enclosingType": "javax.enterprise.context.ApplicationScoped.$LambdaAdaptor",
        "kind": "STATIC"
      }, {
        "method": "$loadModules",
        "enclosingType": "javax.enterprise.context.ApplicationScoped.$LambdaAdaptor",
        "kind": "STATIC"
      }, {
        "method": "$clinit",
        "enclosingType": "java.lang.Object",
        "kind": "STATIC"
      }],
      "referencedTypes": ["javax.enterprise.context.ApplicationScoped.$LambdaAdaptor", "java.lang.Object"],
      "startPosition": {
        "line": 51,
        "column": 2
      },
      "endPosition": {
        "line": 62,
        "column": 2
      }
    }],
    "headerSourceFilePath": "javax/enterprise/context/ApplicationScoped$$LambdaAdaptor.java.js",
    "implSourceFilePath": "javax/enterprise/context/ApplicationScoped$$LambdaAdaptor.impl.java.js"
  }, {
    "typeId": "javax.enterprise.context.Dependent",
    "implementsType": ["java.lang.annotation.Annotation"],
    "member": [{
      "name": "$adapt",
      "public": true,
      "static": true,
      "invokedMethods": [{
        "method": "$clinit",
        "enclosingType": "javax.enterprise.context.Dependent",
        "kind": "STATIC"
      }, {
        "method": "constructor",
        "enclosingType": "javax.enterprise.context.Dependent.$LambdaAdaptor",
        "kind": "INSTANTIATION"
      }],
      "referencedTypes": ["javax.enterprise.context.Dependent", "javax.enterprise.context.Dependent.$LambdaAdaptor"],
      "startPosition": {
        "line": 20,
        "column": 2
      },
      "endPosition": {
        "line": 30,
        "column": 2
      }
    }, {
      "name": "$clinit",
      "public": true,
      "static": true,
      "invokedMethods": [{
        "method": "$clinit",
        "enclosingType": "javax.enterprise.context.Dependent",
        "kind": "STATIC"
      }, {
        "method": "$loadModules",
        "enclosingType": "javax.enterprise.context.Dependent",
        "kind": "STATIC"
      }],
      "referencedTypes": ["javax.enterprise.context.Dependent"],
      "startPosition": {
        "line": 30,
        "column": 2
      },
      "endPosition": {
        "line": 40,
        "column": 2
      }
    }],
    "headerSourceFilePath": "javax/enterprise/context/Dependent.java.js",
    "implSourceFilePath": "javax/enterprise/context/Dependent.impl.java.js"
  }, {
    "typeId": "javax.enterprise.context.Dependent.$LambdaAdaptor",
    "extendsType": "java.lang.Object",
    "implementsType": ["javax.enterprise.context.Dependent"],
    "member": [{
      "name": "constructor",
      "public": true,
      "invokedMethods": [{
        "method": "$clinit",
        "enclosingType": "javax.enterprise.context.Dependent.$LambdaAdaptor",
        "kind": "STATIC"
      }, {
        "method": "constructor",
        "enclosingType": "java.lang.Object",
        "kind": "STATIC"
      }, {
        "method": "f_$$fn__javax_enterprise_context_Dependent_$LambdaAdaptor",
        "enclosingType": "javax.enterprise.context.Dependent.$LambdaAdaptor"
      }, {
        "method": "$ctor__javax_enterprise_context_Dependent_$LambdaAdaptor__javax_enterprise_context_Dependent_$JsFunction",
        "enclosingType": "javax.enterprise.context.Dependent.$LambdaAdaptor"
      }],
      "referencedTypes": ["javax.enterprise.context.Dependent.$LambdaAdaptor", "java.lang.Object"],
      "startPosition": {
        "line": 20,
        "column": 2
      },
      "endPosition": {
        "line": 32,
        "column": 2
      }
    }, {
      "name": "$ctor__javax_enterprise_context_Dependent_$LambdaAdaptor__javax_enterprise_context_Dependent_$JsFunction",
      "public": true,
      "invokedMethods": [{
        "method": "$ctor__java_lang_Object__",
        "enclosingType": "java.lang.Object"
      }, {
        "method": "f_$$fn__javax_enterprise_context_Dependent_$LambdaAdaptor",
        "enclosingType": "javax.enterprise.context.Dependent.$LambdaAdaptor"
      }],
      "startPosition": {
        "line": 32,
        "column": 2
      },
      "endPosition": {
        "line": 42,
        "column": 2
      }
    }, {
      "name": "m_annotationType__",
      "public": true,
      "invokedMethods": [{
        "method": "f_$$fn__javax_enterprise_context_Dependent_$LambdaAdaptor",
        "enclosingType": "javax.enterprise.context.Dependent.$LambdaAdaptor"
      }],
      "startPosition": {
        "line": 42,
        "column": 2
      },
      "endPosition": {
        "line": 51,
        "column": 2
      }
    }, {
      "name": "f_$$fn__javax_enterprise_context_Dependent_$LambdaAdaptor",
      "public": true
    }, {
      "name": "$clinit",
      "public": true,
      "static": true,
      "invokedMethods": [{
        "method": "$clinit",
        "enclosingType": "javax.enterprise.context.Dependent.$LambdaAdaptor",
        "kind": "STATIC"
      }, {
        "method": "$loadModules",
        "enclosingType": "javax.enterprise.context.Dependent.$LambdaAdaptor",
        "kind": "STATIC"
      }, {
        "method": "$clinit",
        "enclosingType": "java.lang.Object",
        "kind": "STATIC"
      }],
      "referencedTypes": ["javax.enterprise.context.Dependent.$LambdaAdaptor", "java.lang.Object"],
      "startPosition": {
        "line": 51,
        "column": 2
      },
      "endPosition": {
        "line": 62,
        "column": 2
      }
    }],
    "headerSourceFilePath": "javax/enterprise/context/Dependent$$LambdaAdaptor.java.js",
    "implSourceFilePath": "javax/enterprise/context/Dependent$$LambdaAdaptor.impl.java.js"
  }, {
    "typeId": "javax.enterprise.context.NormalScope",
    "implementsType": ["java.lang.annotation.Annotation"],
    "member": [{
      "name": "m_passivating__",
      "public": true,
      "startPosition": {
        "line": 17,
        "column": 2
      },
      "endPosition": {
        "line": 25,
        "column": 2
      }
    }, {
      "name": "$clinit",
      "public": true,
      "static": true,
      "invokedMethods": [{
        "method": "$clinit",
        "enclosingType": "javax.enterprise.context.NormalScope",
        "kind": "STATIC"
      }, {
        "method": "$loadModules",
        "enclosingType": "javax.enterprise.context.NormalScope",
        "kind": "STATIC"
      }],
      "referencedTypes": ["javax.enterprise.context.NormalScope"],
      "startPosition": {
        "line": 25,
        "column": 2
      },
      "endPosition": {
        "line": 35,
        "column": 2
      }
    }],
    "headerSourceFilePath": "javax/enterprise/context/NormalScope.java.js",
    "implSourceFilePath": "javax/enterprise/context/NormalScope.impl.java.js"
  }, {
    "typeId": "javax.enterprise.inject.Produces",
    "implementsType": ["java.lang.annotation.Annotation"],
    "member": [{
      "name": "$adapt",
      "public": true,
      "static": true,
      "invokedMethods": [{
        "method": "$clinit",
        "enclosingType": "javax.enterprise.inject.Produces",
        "kind": "STATIC"
      }, {
        "method": "constructor",
        "enclosingType": "javax.enterprise.inject.Produces.$LambdaAdaptor",
        "kind": "INSTANTIATION"
      }],
      "referencedTypes": ["javax.enterprise.inject.Produces", "javax.enterprise.inject.Produces.$LambdaAdaptor"],
      "startPosition": {
        "line": 20,
        "column": 2
      },
      "endPosition": {
        "line": 30,
        "column": 2
      }
    }, {
      "name": "$clinit",
      "public": true,
      "static": true,
      "invokedMethods": [{
        "method": "$clinit",
        "enclosingType": "javax.enterprise.inject.Produces",
        "kind": "STATIC"
      }, {
        "method": "$loadModules",
        "enclosingType": "javax.enterprise.inject.Produces",
        "kind": "STATIC"
      }],
      "referencedTypes": ["javax.enterprise.inject.Produces"],
      "startPosition": {
        "line": 30,
        "column": 2
      },
      "endPosition": {
        "line": 40,
        "column": 2
      }
    }],
    "headerSourceFilePath": "javax/enterprise/inject/Produces.java.js",
    "implSourceFilePath": "javax/enterprise/inject/Produces.impl.java.js"
  }, {
    "typeId": "javax.enterprise.inject.Produces.$LambdaAdaptor",
    "extendsType": "java.lang.Object",
    "implementsType": ["javax.enterprise.inject.Produces"],
    "member": [{
      "name": "constructor",
      "public": true,
      "invokedMethods": [{
        "method": "$clinit",
        "enclosingType": "javax.enterprise.inject.Produces.$LambdaAdaptor",
        "kind": "STATIC"
      }, {
        "method": "constructor",
        "enclosingType": "java.lang.Object",
        "kind": "STATIC"
      }, {
        "method": "f_$$fn__javax_enterprise_inject_Produces_$LambdaAdaptor",
        "enclosingType": "javax.enterprise.inject.Produces.$LambdaAdaptor"
      }, {
        "method": "$ctor__javax_enterprise_inject_Produces_$LambdaAdaptor__javax_enterprise_inject_Produces_$JsFunction",
        "enclosingType": "javax.enterprise.inject.Produces.$LambdaAdaptor"
      }],
      "referencedTypes": ["javax.enterprise.inject.Produces.$LambdaAdaptor", "java.lang.Object"],
      "startPosition": {
        "line": 20,
        "column": 2
      },
      "endPosition": {
        "line": 32,
        "column": 2
      }
    }, {
      "name": "$ctor__javax_enterprise_inject_Produces_$LambdaAdaptor__javax_enterprise_inject_Produces_$JsFunction",
      "public": true,
      "invokedMethods": [{
        "method": "$ctor__java_lang_Object__",
        "enclosingType": "java.lang.Object"
      }, {
        "method": "f_$$fn__javax_enterprise_inject_Produces_$LambdaAdaptor",
        "enclosingType": "javax.enterprise.inject.Produces.$LambdaAdaptor"
      }],
      "startPosition": {
        "line": 32,
        "column": 2
      },
      "endPosition": {
        "line": 42,
        "column": 2
      }
    }, {
      "name": "m_annotationType__",
      "public": true,
      "invokedMethods": [{
        "method": "f_$$fn__javax_enterprise_inject_Produces_$LambdaAdaptor",
        "enclosingType": "javax.enterprise.inject.Produces.$LambdaAdaptor"
      }],
      "startPosition": {
        "line": 42,
        "column": 2
      },
      "endPosition": {
        "line": 51,
        "column": 2
      }
    }, {
      "name": "f_$$fn__javax_enterprise_inject_Produces_$LambdaAdaptor",
      "public": true
    }, {
      "name": "$clinit",
      "public": true,
      "static": true,
      "invokedMethods": [{
        "method": "$clinit",
        "enclosingType": "javax.enterprise.inject.Produces.$LambdaAdaptor",
        "kind": "STATIC"
      }, {
        "method": "$loadModules",
        "enclosingType": "javax.enterprise.inject.Produces.$LambdaAdaptor",
        "kind": "STATIC"
      }, {
        "method": "$clinit",
        "enclosingType": "java.lang.Object",
        "kind": "STATIC"
      }],
      "referencedTypes": ["javax.enterprise.inject.Produces.$LambdaAdaptor", "java.lang.Object"],
      "startPosition": {
        "line": 51,
        "column": 2
      },
      "endPosition": {
        "line": 62,
        "column": 2
      }
    }],
    "headerSourceFilePath": "javax/enterprise/inject/Produces$$LambdaAdaptor.java.js",
    "implSourceFilePath": "javax/enterprise/inject/Produces$$LambdaAdaptor.impl.java.js"
  }, {
    "typeId": "javax.inject.Inject",
    "implementsType": ["java.lang.annotation.Annotation"],
    "member": [{
      "name": "$adapt",
      "public": true,
      "static": true,
      "invokedMethods": [{
        "method": "$clinit",
        "enclosingType": "javax.inject.Inject",
        "kind": "STATIC"
      }, {
        "method": "constructor",
        "enclosingType": "javax.inject.Inject.$LambdaAdaptor",
        "kind": "INSTANTIATION"
      }],
      "referencedTypes": ["javax.inject.Inject", "javax.inject.Inject.$LambdaAdaptor"],
      "startPosition": {
        "line": 20,
        "column": 2
      },
      "endPosition": {
        "line": 30,
        "column": 2
      }
    }, {
      "name": "$clinit",
      "public": true,
      "static": true,
      "invokedMethods": [{
        "method": "$clinit",
        "enclosingType": "javax.inject.Inject",
        "kind": "STATIC"
      }, {
        "method": "$loadModules",
        "enclosingType": "javax.inject.Inject",
        "kind": "STATIC"
      }],
      "referencedTypes": ["javax.inject.Inject"],
      "startPosition": {
        "line": 30,
        "column": 2
      },
      "endPosition": {
        "line": 40,
        "column": 2
      }
    }],
    "headerSourceFilePath": "javax/inject/Inject.java.js",
    "implSourceFilePath": "javax/inject/Inject.impl.java.js"
  }, {
    "typeId": "javax.inject.Inject.$LambdaAdaptor",
    "extendsType": "java.lang.Object",
    "implementsType": ["javax.inject.Inject"],
    "member": [{
      "name": "constructor",
      "public": true,
      "invokedMethods": [{
        "method": "$clinit",
        "enclosingType": "javax.inject.Inject.$LambdaAdaptor",
        "kind": "STATIC"
      }, {
        "method": "constructor",
        "enclosingType": "java.lang.Object",
        "kind": "STATIC"
      }, {
        "method": "f_$$fn__javax_inject_Inject_$LambdaAdaptor",
        "enclosingType": "javax.inject.Inject.$LambdaAdaptor"
      }, {
        "method": "$ctor__javax_inject_Inject_$LambdaAdaptor__javax_inject_Inject_$JsFunction",
        "enclosingType": "javax.inject.Inject.$LambdaAdaptor"
      }],
      "referencedTypes": ["javax.inject.Inject.$LambdaAdaptor", "java.lang.Object"],
      "startPosition": {
        "line": 20,
        "column": 2
      },
      "endPosition": {
        "line": 32,
        "column": 2
      }
    }, {
      "name": "$ctor__javax_inject_Inject_$LambdaAdaptor__javax_inject_Inject_$JsFunction",
      "public": true,
      "invokedMethods": [{
        "method": "$ctor__java_lang_Object__",
        "enclosingType": "java.lang.Object"
      }, {
        "method": "f_$$fn__javax_inject_Inject_$LambdaAdaptor",
        "enclosingType": "javax.inject.Inject.$LambdaAdaptor"
      }],
      "startPosition": {
        "line": 32,
        "column": 2
      },
      "endPosition": {
        "line": 42,
        "column": 2
      }
    }, {
      "name": "m_annotationType__",
      "public": true,
      "invokedMethods": [{
        "method": "f_$$fn__javax_inject_Inject_$LambdaAdaptor",
        "enclosingType": "javax.inject.Inject.$LambdaAdaptor"
      }],
      "startPosition": {
        "line": 42,
        "column": 2
      },
      "endPosition": {
        "line": 51,
        "column": 2
      }
    }, {
      "name": "f_$$fn__javax_inject_Inject_$LambdaAdaptor",
      "public": true
    }, {
      "name": "$clinit",
      "public": true,
      "static": true,
      "invokedMethods": [{
        "method": "$clinit",
        "enclosingType": "javax.inject.Inject.$LambdaAdaptor",
        "kind": "STATIC"
      }, {
        "method": "$loadModules",
        "enclosingType": "javax.inject.Inject.$LambdaAdaptor",
        "kind": "STATIC"
      }, {
        "method": "$clinit",
        "enclosingType": "java.lang.Object",
        "kind": "STATIC"
      }],
      "referencedTypes": ["javax.inject.Inject.$LambdaAdaptor", "java.lang.Object"],
      "startPosition": {
        "line": 51,
        "column": 2
      },
      "endPosition": {
        "line": 62,
        "column": 2
      }
    }],
    "headerSourceFilePath": "javax/inject/Inject$$LambdaAdaptor.java.js",
    "implSourceFilePath": "javax/inject/Inject$$LambdaAdaptor.impl.java.js"
  }, {
    "typeId": "javax.inject.Named",
    "implementsType": ["java.lang.annotation.Annotation"],
    "member": [{
      "name": "m_value__",
      "public": true,
      "startPosition": {
        "line": 17,
        "column": 2
      },
      "endPosition": {
        "line": 25,
        "column": 2
      }
    }, {
      "name": "$clinit",
      "public": true,
      "static": true,
      "invokedMethods": [{
        "method": "$clinit",
        "enclosingType": "javax.inject.Named",
        "kind": "STATIC"
      }, {
        "method": "$loadModules",
        "enclosingType": "javax.inject.Named",
        "kind": "STATIC"
      }],
      "referencedTypes": ["javax.inject.Named"],
      "startPosition": {
        "line": 25,
        "column": 2
      },
      "endPosition": {
        "line": 35,
        "column": 2
      }
    }],
    "headerSourceFilePath": "javax/inject/Named.java.js",
    "implSourceFilePath": "javax/inject/Named.impl.java.js"
  }, {
    "typeId": "javax.inject.Provider",
    "member": [{
      "name": "m_get__",
      "public": true,
      "startPosition": {
        "line": 18,
        "column": 2
      },
      "endPosition": {
        "line": 26,
        "column": 2
      }
    }, {
      "name": "$adapt",
      "public": true,
      "static": true,
      "invokedMethods": [{
        "method": "$clinit",
        "enclosingType": "javax.inject.Provider",
        "kind": "STATIC"
      }, {
        "method": "constructor",
        "enclosingType": "javax.inject.Provider.$LambdaAdaptor",
        "kind": "INSTANTIATION"
      }],
      "referencedTypes": ["javax.inject.Provider", "javax.inject.Provider.$LambdaAdaptor"],
      "startPosition": {
        "line": 26,
        "column": 2
      },
      "endPosition": {
        "line": 37,
        "column": 2
      }
    }, {
      "name": "$clinit",
      "public": true,
      "static": true,
      "invokedMethods": [{
        "method": "$clinit",
        "enclosingType": "javax.inject.Provider",
        "kind": "STATIC"
      }, {
        "method": "$loadModules",
        "enclosingType": "javax.inject.Provider",
        "kind": "STATIC"
      }],
      "referencedTypes": ["javax.inject.Provider"],
      "startPosition": {
        "line": 37,
        "column": 2
      },
      "endPosition": {
        "line": 47,
        "column": 2
      }
    }],
    "headerSourceFilePath": "javax/inject/Provider.java.js",
    "implSourceFilePath": "javax/inject/Provider.impl.java.js"
  }, {
    "typeId": "javax.inject.Provider.$LambdaAdaptor",
    "extendsType": "java.lang.Object",
    "implementsType": ["javax.inject.Provider"],
    "member": [{
      "name": "constructor",
      "public": true,
      "invokedMethods": [{
        "method": "$clinit",
        "enclosingType": "javax.inject.Provider.$LambdaAdaptor",
        "kind": "STATIC"
      }, {
        "method": "constructor",
        "enclosingType": "java.lang.Object",
        "kind": "STATIC"
      }, {
        "method": "f_$$fn__javax_inject_Provider_$LambdaAdaptor",
        "enclosingType": "javax.inject.Provider.$LambdaAdaptor"
      }, {
        "method": "$ctor__javax_inject_Provider_$LambdaAdaptor__javax_inject_Provider_$JsFunction",
        "enclosingType": "javax.inject.Provider.$LambdaAdaptor"
      }],
      "referencedTypes": ["javax.inject.Provider.$LambdaAdaptor", "java.lang.Object"],
      "startPosition": {
        "line": 18,
        "column": 2
      },
      "endPosition": {
        "line": 30,
        "column": 2
      }
    }, {
      "name": "$ctor__javax_inject_Provider_$LambdaAdaptor__javax_inject_Provider_$JsFunction",
      "public": true,
      "invokedMethods": [{
        "method": "$ctor__java_lang_Object__",
        "enclosingType": "java.lang.Object"
      }, {
        "method": "f_$$fn__javax_inject_Provider_$LambdaAdaptor",
        "enclosingType": "javax.inject.Provider.$LambdaAdaptor"
      }],
      "startPosition": {
        "line": 30,
        "column": 2
      },
      "endPosition": {
        "line": 40,
        "column": 2
      }
    }, {
      "name": "m_get__",
      "public": true,
      "invokedMethods": [{
        "method": "f_$$fn__javax_inject_Provider_$LambdaAdaptor",
        "enclosingType": "javax.inject.Provider.$LambdaAdaptor"
      }],
      "startPosition": {
        "line": 40,
        "column": 2
      },
      "endPosition": {
        "line": 49,
        "column": 2
      }
    }, {
      "name": "f_$$fn__javax_inject_Provider_$LambdaAdaptor",
      "public": true
    }, {
      "name": "$clinit",
      "public": true,
      "static": true,
      "invokedMethods": [{
        "method": "$clinit",
        "enclosingType": "javax.inject.Provider.$LambdaAdaptor",
        "kind": "STATIC"
      }, {
        "method": "$loadModules",
        "enclosingType": "javax.inject.Provider.$LambdaAdaptor",
        "kind": "STATIC"
      }, {
        "method": "$clinit",
        "enclosingType": "java.lang.Object",
        "kind": "STATIC"
      }],
      "referencedTypes": ["javax.inject.Provider.$LambdaAdaptor", "java.lang.Object"],
      "startPosition": {
        "line": 49,
        "column": 2
      },
      "endPosition": {
        "line": 60,
        "column": 2
      }
    }],
    "headerSourceFilePath": "javax/inject/Provider$$LambdaAdaptor.java.js",
    "implSourceFilePath": "javax/inject/Provider$$LambdaAdaptor.impl.java.js"
  }, {
    "typeId": "javax.inject.Qualifier",
    "implementsType": ["java.lang.annotation.Annotation"],
    "member": [{
      "name": "$adapt",
      "public": true,
      "static": true,
      "invokedMethods": [{
        "method": "$clinit",
        "enclosingType": "javax.inject.Qualifier",
        "kind": "STATIC"
      }, {
        "method": "constructor",
        "enclosingType": "javax.inject.Qualifier.$LambdaAdaptor",
        "kind": "INSTANTIATION"
      }],
      "referencedTypes": ["javax.inject.Qualifier", "javax.inject.Qualifier.$LambdaAdaptor"],
      "startPosition": {
        "line": 20,
        "column": 2
      },
      "endPosition": {
        "line": 30,
        "column": 2
      }
    }, {
      "name": "$clinit",
      "public": true,
      "static": true,
      "invokedMethods": [{
        "method": "$clinit",
        "enclosingType": "javax.inject.Qualifier",
        "kind": "STATIC"
      }, {
        "method": "$loadModules",
        "enclosingType": "javax.inject.Qualifier",
        "kind": "STATIC"
      }],
      "referencedTypes": ["javax.inject.Qualifier"],
      "startPosition": {
        "line": 30,
        "column": 2
      },
      "endPosition": {
        "line": 40,
        "column": 2
      }
    }],
    "headerSourceFilePath": "javax/inject/Qualifier.java.js",
    "implSourceFilePath": "javax/inject/Qualifier.impl.java.js"
  }, {
    "typeId": "javax.inject.Qualifier.$LambdaAdaptor",
    "extendsType": "java.lang.Object",
    "implementsType": ["javax.inject.Qualifier"],
    "member": [{
      "name": "constructor",
      "public": true,
      "invokedMethods": [{
        "method": "$clinit",
        "enclosingType": "javax.inject.Qualifier.$LambdaAdaptor",
        "kind": "STATIC"
      }, {
        "method": "constructor",
        "enclosingType": "java.lang.Object",
        "kind": "STATIC"
      }, {
        "method": "f_$$fn__javax_inject_Qualifier_$LambdaAdaptor",
        "enclosingType": "javax.inject.Qualifier.$LambdaAdaptor"
      }, {
        "method": "$ctor__javax_inject_Qualifier_$LambdaAdaptor__javax_inject_Qualifier_$JsFunction",
        "enclosingType": "javax.inject.Qualifier.$LambdaAdaptor"
      }],
      "referencedTypes": ["javax.inject.Qualifier.$LambdaAdaptor", "java.lang.Object"],
      "startPosition": {
        "line": 20,
        "column": 2
      },
      "endPosition": {
        "line": 32,
        "column": 2
      }
    }, {
      "name": "$ctor__javax_inject_Qualifier_$LambdaAdaptor__javax_inject_Qualifier_$JsFunction",
      "public": true,
      "invokedMethods": [{
        "method": "$ctor__java_lang_Object__",
        "enclosingType": "java.lang.Object"
      }, {
        "method": "f_$$fn__javax_inject_Qualifier_$LambdaAdaptor",
        "enclosingType": "javax.inject.Qualifier.$LambdaAdaptor"
      }],
      "startPosition": {
        "line": 32,
        "column": 2
      },
      "endPosition": {
        "line": 42,
        "column": 2
      }
    }, {
      "name": "m_annotationType__",
      "public": true,
      "invokedMethods": [{
        "method": "f_$$fn__javax_inject_Qualifier_$LambdaAdaptor",
        "enclosingType": "javax.inject.Qualifier.$LambdaAdaptor"
      }],
      "startPosition": {
        "line": 42,
        "column": 2
      },
      "endPosition": {
        "line": 51,
        "column": 2
      }
    }, {
      "name": "f_$$fn__javax_inject_Qualifier_$LambdaAdaptor",
      "public": true
    }, {
      "name": "$clinit",
      "public": true,
      "static": true,
      "invokedMethods": [{
        "method": "$clinit",
        "enclosingType": "javax.inject.Qualifier.$LambdaAdaptor",
        "kind": "STATIC"
      }, {
        "method": "$loadModules",
        "enclosingType": "javax.inject.Qualifier.$LambdaAdaptor",
        "kind": "STATIC"
      }, {
        "method": "$clinit",
        "enclosingType": "java.lang.Object",
        "kind": "STATIC"
      }],
      "referencedTypes": ["javax.inject.Qualifier.$LambdaAdaptor", "java.lang.Object"],
      "startPosition": {
        "line": 51,
        "column": 2
      },
      "endPosition": {
        "line": 62,
        "column": 2
      }
    }],
    "headerSourceFilePath": "javax/inject/Qualifier$$LambdaAdaptor.java.js",
    "implSourceFilePath": "javax/inject/Qualifier$$LambdaAdaptor.impl.java.js"
  }, {
    "typeId": "javax.inject.Scope",
    "implementsType": ["java.lang.annotation.Annotation"],
    "member": [{
      "name": "$adapt",
      "public": true,
      "static": true,
      "invokedMethods": [{
        "method": "$clinit",
        "enclosingType": "javax.inject.Scope",
        "kind": "STATIC"
      }, {
        "method": "constructor",
        "enclosingType": "javax.inject.Scope.$LambdaAdaptor",
        "kind": "INSTANTIATION"
      }],
      "referencedTypes": ["javax.inject.Scope", "javax.inject.Scope.$LambdaAdaptor"],
      "startPosition": {
        "line": 20,
        "column": 2
      },
      "endPosition": {
        "line": 30,
        "column": 2
      }
    }, {
      "name": "$clinit",
      "public": true,
      "static": true,
      "invokedMethods": [{
        "method": "$clinit",
        "enclosingType": "javax.inject.Scope",
        "kind": "STATIC"
      }, {
        "method": "$loadModules",
        "enclosingType": "javax.inject.Scope",
        "kind": "STATIC"
      }],
      "referencedTypes": ["javax.inject.Scope"],
      "startPosition": {
        "line": 30,
        "column": 2
      },
      "endPosition": {
        "line": 40,
        "column": 2
      }
    }],
    "headerSourceFilePath": "javax/inject/Scope.java.js",
    "implSourceFilePath": "javax/inject/Scope.impl.java.js"
  }, {
    "typeId": "javax.inject.Scope.$LambdaAdaptor",
    "extendsType": "java.lang.Object",
    "implementsType": ["javax.inject.Scope"],
    "member": [{
      "name": "constructor",
      "public": true,
      "invokedMethods": [{
        "method": "$clinit",
        "enclosingType": "javax.inject.Scope.$LambdaAdaptor",
        "kind": "STATIC"
      }, {
        "method": "constructor",
        "enclosingType": "java.lang.Object",
        "kind": "STATIC"
      }, {
        "method": "f_$$fn__javax_inject_Scope_$LambdaAdaptor",
        "enclosingType": "javax.inject.Scope.$LambdaAdaptor"
      }, {
        "method": "$ctor__javax_inject_Scope_$LambdaAdaptor__javax_inject_Scope_$JsFunction",
        "enclosingType": "javax.inject.Scope.$LambdaAdaptor"
      }],
      "referencedTypes": ["javax.inject.Scope.$LambdaAdaptor", "java.lang.Object"],
      "startPosition": {
        "line": 20,
        "column": 2
      },
      "endPosition": {
        "line": 32,
        "column": 2
      }
    }, {
      "name": "$ctor__javax_inject_Scope_$LambdaAdaptor__javax_inject_Scope_$JsFunction",
      "public": true,
      "invokedMethods": [{
        "method": "$ctor__java_lang_Object__",
        "enclosingType": "java.lang.Object"
      }, {
        "method": "f_$$fn__javax_inject_Scope_$LambdaAdaptor",
        "enclosingType": "javax.inject.Scope.$LambdaAdaptor"
      }],
      "startPosition": {
        "line": 32,
        "column": 2
      },
      "endPosition": {
        "line": 42,
        "column": 2
      }
    }, {
      "name": "m_annotationType__",
      "public": true,
      "invokedMethods": [{
        "method": "f_$$fn__javax_inject_Scope_$LambdaAdaptor",
        "enclosingType": "javax.inject.Scope.$LambdaAdaptor"
      }],
      "startPosition": {
        "line": 42,
        "column": 2
      },
      "endPosition": {
        "line": 51,
        "column": 2
      }
    }, {
      "name": "f_$$fn__javax_inject_Scope_$LambdaAdaptor",
      "public": true
    }, {
      "name": "$clinit",
      "public": true,
      "static": true,
      "invokedMethods": [{
        "method": "$clinit",
        "enclosingType": "javax.inject.Scope.$LambdaAdaptor",
        "kind": "STATIC"
      }, {
        "method": "$loadModules",
        "enclosingType": "javax.inject.Scope.$LambdaAdaptor",
        "kind": "STATIC"
      }, {
        "method": "$clinit",
        "enclosingType": "java.lang.Object",
        "kind": "STATIC"
      }],
      "referencedTypes": ["javax.inject.Scope.$LambdaAdaptor", "java.lang.Object"],
      "startPosition": {
        "line": 51,
        "column": 2
      },
      "endPosition": {
        "line": 62,
        "column": 2
      }
    }],
    "headerSourceFilePath": "javax/inject/Scope$$LambdaAdaptor.java.js",
    "implSourceFilePath": "javax/inject/Scope$$LambdaAdaptor.impl.java.js"
  }, {
    "typeId": "javax.inject.Singleton",
    "implementsType": ["java.lang.annotation.Annotation"],
    "member": [{
      "name": "$adapt",
      "public": true,
      "static": true,
      "invokedMethods": [{
        "method": "$clinit",
        "enclosingType": "javax.inject.Singleton",
        "kind": "STATIC"
      }, {
        "method": "constructor",
        "enclosingType": "javax.inject.Singleton.$LambdaAdaptor",
        "kind": "INSTANTIATION"
      }],
      "referencedTypes": ["javax.inject.Singleton", "javax.inject.Singleton.$LambdaAdaptor"],
      "startPosition": {
        "line": 20,
        "column": 2
      },
      "endPosition": {
        "line": 30,
        "column": 2
      }
    }, {
      "name": "$clinit",
      "public": true,
      "static": true,
      "invokedMethods": [{
        "method": "$clinit",
        "enclosingType": "javax.inject.Singleton",
        "kind": "STATIC"
      }, {
        "method": "$loadModules",
        "enclosingType": "javax.inject.Singleton",
        "kind": "STATIC"
      }],
      "referencedTypes": ["javax.inject.Singleton"],
      "startPosition": {
        "line": 30,
        "column": 2
      },
      "endPosition": {
        "line": 40,
        "column": 2
      }
    }],
    "headerSourceFilePath": "javax/inject/Singleton.java.js",
    "implSourceFilePath": "javax/inject/Singleton.impl.java.js"
  }, {
    "typeId": "javax.inject.Singleton.$LambdaAdaptor",
    "extendsType": "java.lang.Object",
    "implementsType": ["javax.inject.Singleton"],
    "member": [{
      "name": "constructor",
      "public": true,
      "invokedMethods": [{
        "method": "$clinit",
        "enclosingType": "javax.inject.Singleton.$LambdaAdaptor",
        "kind": "STATIC"
      }, {
        "method": "constructor",
        "enclosingType": "java.lang.Object",
        "kind": "STATIC"
      }, {
        "method": "f_$$fn__javax_inject_Singleton_$LambdaAdaptor",
        "enclosingType": "javax.inject.Singleton.$LambdaAdaptor"
      }, {
        "method": "$ctor__javax_inject_Singleton_$LambdaAdaptor__javax_inject_Singleton_$JsFunction",
        "enclosingType": "javax.inject.Singleton.$LambdaAdaptor"
      }],
      "referencedTypes": ["javax.inject.Singleton.$LambdaAdaptor", "java.lang.Object"],
      "startPosition": {
        "line": 20,
        "column": 2
      },
      "endPosition": {
        "line": 32,
        "column": 2
      }
    }, {
      "name": "$ctor__javax_inject_Singleton_$LambdaAdaptor__javax_inject_Singleton_$JsFunction",
      "public": true,
      "invokedMethods": [{
        "method": "$ctor__java_lang_Object__",
        "enclosingType": "java.lang.Object"
      }, {
        "method": "f_$$fn__javax_inject_Singleton_$LambdaAdaptor",
        "enclosingType": "javax.inject.Singleton.$LambdaAdaptor"
      }],
      "startPosition": {
        "line": 32,
        "column": 2
      },
      "endPosition": {
        "line": 42,
        "column": 2
      }
    }, {
      "name": "m_annotationType__",
      "public": true,
      "invokedMethods": [{
        "method": "f_$$fn__javax_inject_Singleton_$LambdaAdaptor",
        "enclosingType": "javax.inject.Singleton.$LambdaAdaptor"
      }],
      "startPosition": {
        "line": 42,
        "column": 2
      },
      "endPosition": {
        "line": 51,
        "column": 2
      }
    }, {
      "name": "f_$$fn__javax_inject_Singleton_$LambdaAdaptor",
      "public": true
    }, {
      "name": "$clinit",
      "public": true,
      "static": true,
      "invokedMethods": [{
        "method": "$clinit",
        "enclosingType": "javax.inject.Singleton.$LambdaAdaptor",
        "kind": "STATIC"
      }, {
        "method": "$loadModules",
        "enclosingType": "javax.inject.Singleton.$LambdaAdaptor",
        "kind": "STATIC"
      }, {
        "method": "$clinit",
        "enclosingType": "java.lang.Object",
        "kind": "STATIC"
      }],
      "referencedTypes": ["javax.inject.Singleton.$LambdaAdaptor", "java.lang.Object"],
      "startPosition": {
        "line": 51,
        "column": 2
      },
      "endPosition": {
        "line": 62,
        "column": 2
      }
    }],
    "headerSourceFilePath": "javax/inject/Singleton$$LambdaAdaptor.java.js",
    "implSourceFilePath": "javax/inject/Singleton$$LambdaAdaptor.impl.java.js"
  }, {
    "typeId": "org.treblereel.gwt.crysknife.client.Application",
    "implementsType": ["java.lang.annotation.Annotation"],
    "member": [{
      "name": "$adapt",
      "public": true,
      "static": true,
      "invokedMethods": [{
        "method": "$clinit",
        "enclosingType": "org.treblereel.gwt.crysknife.client.Application",
        "kind": "STATIC"
      }, {
        "method": "constructor",
        "enclosingType": "org.treblereel.gwt.crysknife.client.Application.$LambdaAdaptor",
        "kind": "INSTANTIATION"
      }],
      "referencedTypes": ["org.treblereel.gwt.crysknife.client.Application", "org.treblereel.gwt.crysknife.client.Application.$LambdaAdaptor"],
      "startPosition": {
        "line": 20,
        "column": 2
      },
      "endPosition": {
        "line": 30,
        "column": 2
      }
    }, {
      "name": "$clinit",
      "public": true,
      "static": true,
      "invokedMethods": [{
        "method": "$clinit",
        "enclosingType": "org.treblereel.gwt.crysknife.client.Application",
        "kind": "STATIC"
      }, {
        "method": "$loadModules",
        "enclosingType": "org.treblereel.gwt.crysknife.client.Application",
        "kind": "STATIC"
      }],
      "referencedTypes": ["org.treblereel.gwt.crysknife.client.Application"],
      "startPosition": {
        "line": 30,
        "column": 2
      },
      "endPosition": {
        "line": 40,
        "column": 2
      }
    }],
    "headerSourceFilePath": "org/treblereel/gwt/crysknife/client/Application.java.js",
    "implSourceFilePath": "org/treblereel/gwt/crysknife/client/Application.impl.java.js"
  }, {
    "typeId": "org.treblereel.gwt.crysknife.client.Application.$LambdaAdaptor",
    "extendsType": "java.lang.Object",
    "implementsType": ["org.treblereel.gwt.crysknife.client.Application"],
    "member": [{
      "name": "constructor",
      "public": true,
      "invokedMethods": [{
        "method": "$clinit",
        "enclosingType": "org.treblereel.gwt.crysknife.client.Application.$LambdaAdaptor",
        "kind": "STATIC"
      }, {
        "method": "constructor",
        "enclosingType": "java.lang.Object",
        "kind": "STATIC"
      }, {
        "method": "f_$$fn__org_treblereel_gwt_crysknife_client_Application_$LambdaAdaptor",
        "enclosingType": "org.treblereel.gwt.crysknife.client.Application.$LambdaAdaptor"
      }, {
        "method": "$ctor__org_treblereel_gwt_crysknife_client_Application_$LambdaAdaptor__org_treblereel_gwt_crysknife_client_Application_$JsFunction",
        "enclosingType": "org.treblereel.gwt.crysknife.client.Application.$LambdaAdaptor"
      }],
      "referencedTypes": ["org.treblereel.gwt.crysknife.client.Application.$LambdaAdaptor", "java.lang.Object"],
      "startPosition": {
        "line": 20,
        "column": 2
      },
      "endPosition": {
        "line": 32,
        "column": 2
      }
    }, {
      "name": "$ctor__org_treblereel_gwt_crysknife_client_Application_$LambdaAdaptor__org_treblereel_gwt_crysknife_client_Application_$JsFunction",
      "public": true,
      "invokedMethods": [{
        "method": "$ctor__java_lang_Object__",
        "enclosingType": "java.lang.Object"
      }, {
        "method": "f_$$fn__org_treblereel_gwt_crysknife_client_Application_$LambdaAdaptor",
        "enclosingType": "org.treblereel.gwt.crysknife.client.Application.$LambdaAdaptor"
      }],
      "startPosition": {
        "line": 32,
        "column": 2
      },
      "endPosition": {
        "line": 42,
        "column": 2
      }
    }, {
      "name": "m_annotationType__",
      "public": true,
      "invokedMethods": [{
        "method": "f_$$fn__org_treblereel_gwt_crysknife_client_Application_$LambdaAdaptor",
        "enclosingType": "org.treblereel.gwt.crysknife.client.Application.$LambdaAdaptor"
      }],
      "startPosition": {
        "line": 42,
        "column": 2
      },
      "endPosition": {
        "line": 51,
        "column": 2
      }
    }, {
      "name": "f_$$fn__org_treblereel_gwt_crysknife_client_Application_$LambdaAdaptor",
      "public": true
    }, {
      "name": "$clinit",
      "public": true,
      "static": true,
      "invokedMethods": [{
        "method": "$clinit",
        "enclosingType": "org.treblereel.gwt.crysknife.client.Application.$LambdaAdaptor",
        "kind": "STATIC"
      }, {
        "method": "$loadModules",
        "enclosingType": "org.treblereel.gwt.crysknife.client.Application.$LambdaAdaptor",
        "kind": "STATIC"
      }, {
        "method": "$clinit",
        "enclosingType": "java.lang.Object",
        "kind": "STATIC"
      }],
      "referencedTypes": ["org.treblereel.gwt.crysknife.client.Application.$LambdaAdaptor", "java.lang.Object"],
      "startPosition": {
        "line": 51,
        "column": 2
      },
      "endPosition": {
        "line": 62,
        "column": 2
      }
    }],
    "headerSourceFilePath": "org/treblereel/gwt/crysknife/client/Application$$LambdaAdaptor.java.js",
    "implSourceFilePath": "org/treblereel/gwt/crysknife/client/Application$$LambdaAdaptor.impl.java.js"
  }, {
    "typeId": "org.treblereel.gwt.crysknife.client.ComponentScan",
    "implementsType": ["java.lang.annotation.Annotation"],
    "member": [{
      "name": "m_value__",
      "public": true,
      "startPosition": {
        "line": 17,
        "column": 2
      },
      "endPosition": {
        "line": 25,
        "column": 2
      }
    }, {
      "name": "$clinit",
      "public": true,
      "static": true,
      "invokedMethods": [{
        "method": "$clinit",
        "enclosingType": "org.treblereel.gwt.crysknife.client.ComponentScan",
        "kind": "STATIC"
      }, {
        "method": "$loadModules",
        "enclosingType": "org.treblereel.gwt.crysknife.client.ComponentScan",
        "kind": "STATIC"
      }],
      "referencedTypes": ["org.treblereel.gwt.crysknife.client.ComponentScan"],
      "startPosition": {
        "line": 25,
        "column": 2
      },
      "endPosition": {
        "line": 35,
        "column": 2
      }
    }],
    "headerSourceFilePath": "org/treblereel/gwt/crysknife/client/ComponentScan.java.js",
    "implSourceFilePath": "org/treblereel/gwt/crysknife/client/ComponentScan.impl.java.js"
  }, {
    "typeId": "org.treblereel.gwt.crysknife.client.EntryPoint",
    "implementsType": ["java.lang.annotation.Annotation"],
    "member": [{
      "name": "$adapt",
      "public": true,
      "static": true,
      "invokedMethods": [{
        "method": "$clinit",
        "enclosingType": "org.treblereel.gwt.crysknife.client.EntryPoint",
        "kind": "STATIC"
      }, {
        "method": "constructor",
        "enclosingType": "org.treblereel.gwt.crysknife.client.EntryPoint.$LambdaAdaptor",
        "kind": "INSTANTIATION"
      }],
      "referencedTypes": ["org.treblereel.gwt.crysknife.client.EntryPoint", "org.treblereel.gwt.crysknife.client.EntryPoint.$LambdaAdaptor"],
      "startPosition": {
        "line": 20,
        "column": 2
      },
      "endPosition": {
        "line": 30,
        "column": 2
      }
    }, {
      "name": "$clinit",
      "public": true,
      "static": true,
      "invokedMethods": [{
        "method": "$clinit",
        "enclosingType": "org.treblereel.gwt.crysknife.client.EntryPoint",
        "kind": "STATIC"
      }, {
        "method": "$loadModules",
        "enclosingType": "org.treblereel.gwt.crysknife.client.EntryPoint",
        "kind": "STATIC"
      }],
      "referencedTypes": ["org.treblereel.gwt.crysknife.client.EntryPoint"],
      "startPosition": {
        "line": 30,
        "column": 2
      },
      "endPosition": {
        "line": 40,
        "column": 2
      }
    }],
    "headerSourceFilePath": "org/treblereel/gwt/crysknife/client/EntryPoint.java.js",
    "implSourceFilePath": "org/treblereel/gwt/crysknife/client/EntryPoint.impl.java.js"
  }, {
    "typeId": "org.treblereel.gwt.crysknife.client.EntryPoint.$LambdaAdaptor",
    "extendsType": "java.lang.Object",
    "implementsType": ["org.treblereel.gwt.crysknife.client.EntryPoint"],
    "member": [{
      "name": "constructor",
      "public": true,
      "invokedMethods": [{
        "method": "$clinit",
        "enclosingType": "org.treblereel.gwt.crysknife.client.EntryPoint.$LambdaAdaptor",
        "kind": "STATIC"
      }, {
        "method": "constructor",
        "enclosingType": "java.lang.Object",
        "kind": "STATIC"
      }, {
        "method": "f_$$fn__org_treblereel_gwt_crysknife_client_EntryPoint_$LambdaAdaptor",
        "enclosingType": "org.treblereel.gwt.crysknife.client.EntryPoint.$LambdaAdaptor"
      }, {
        "method": "$ctor__org_treblereel_gwt_crysknife_client_EntryPoint_$LambdaAdaptor__org_treblereel_gwt_crysknife_client_EntryPoint_$JsFunction",
        "enclosingType": "org.treblereel.gwt.crysknife.client.EntryPoint.$LambdaAdaptor"
      }],
      "referencedTypes": ["org.treblereel.gwt.crysknife.client.EntryPoint.$LambdaAdaptor", "java.lang.Object"],
      "startPosition": {
        "line": 20,
        "column": 2
      },
      "endPosition": {
        "line": 32,
        "column": 2
      }
    }, {
      "name": "$ctor__org_treblereel_gwt_crysknife_client_EntryPoint_$LambdaAdaptor__org_treblereel_gwt_crysknife_client_EntryPoint_$JsFunction",
      "public": true,
      "invokedMethods": [{
        "method": "$ctor__java_lang_Object__",
        "enclosingType": "java.lang.Object"
      }, {
        "method": "f_$$fn__org_treblereel_gwt_crysknife_client_EntryPoint_$LambdaAdaptor",
        "enclosingType": "org.treblereel.gwt.crysknife.client.EntryPoint.$LambdaAdaptor"
      }],
      "startPosition": {
        "line": 32,
        "column": 2
      },
      "endPosition": {
        "line": 42,
        "column": 2
      }
    }, {
      "name": "m_annotationType__",
      "public": true,
      "invokedMethods": [{
        "method": "f_$$fn__org_treblereel_gwt_crysknife_client_EntryPoint_$LambdaAdaptor",
        "enclosingType": "org.treblereel.gwt.crysknife.client.EntryPoint.$LambdaAdaptor"
      }],
      "startPosition": {
        "line": 42,
        "column": 2
      },
      "endPosition": {
        "line": 51,
        "column": 2
      }
    }, {
      "name": "f_$$fn__org_treblereel_gwt_crysknife_client_EntryPoint_$LambdaAdaptor",
      "public": true
    }, {
      "name": "$clinit",
      "public": true,
      "static": true,
      "invokedMethods": [{
        "method": "$clinit",
        "enclosingType": "org.treblereel.gwt.crysknife.client.EntryPoint.$LambdaAdaptor",
        "kind": "STATIC"
      }, {
        "method": "$loadModules",
        "enclosingType": "org.treblereel.gwt.crysknife.client.EntryPoint.$LambdaAdaptor",
        "kind": "STATIC"
      }, {
        "method": "$clinit",
        "enclosingType": "java.lang.Object",
        "kind": "STATIC"
      }],
      "referencedTypes": ["org.treblereel.gwt.crysknife.client.EntryPoint.$LambdaAdaptor", "java.lang.Object"],
      "startPosition": {
        "line": 51,
        "column": 2
      },
      "endPosition": {
        "line": 62,
        "column": 2
      }
    }],
    "headerSourceFilePath": "org/treblereel/gwt/crysknife/client/EntryPoint$$LambdaAdaptor.java.js",
    "implSourceFilePath": "org/treblereel/gwt/crysknife/client/EntryPoint$$LambdaAdaptor.impl.java.js"
  }]
}