{
  "type": [{
    "typeId": "org.treblereel.gwt.crysknife.client.internal.Factory",
    "implementsType": ["javax.inject.Provider"],
    "member": [{
      "name": "$adapt",
      "public": true,
      "static": true,
      "invokedMethods": [{
        "method": "$clinit",
        "enclosingType": "org.treblereel.gwt.crysknife.client.internal.Factory",
        "kind": "STATIC"
      }, {
        "method": "constructor",
        "enclosingType": "org.treblereel.gwt.crysknife.client.internal.Factory.$LambdaAdaptor",
        "kind": "INSTANTIATION"
      }],
      "referencedTypes": ["org.treblereel.gwt.crysknife.client.internal.Factory", "org.treblereel.gwt.crysknife.client.internal.Factory.$LambdaAdaptor"],
      "startPosition": {
        "line": 20,
        "column": 2
      },
      "endPosition": {
        "line": 31,
        "column": 2
      }
    }, {
      "name": "$clinit",
      "public": true,
      "static": true,
      "invokedMethods": [{
        "method": "$clinit",
        "enclosingType": "org.treblereel.gwt.crysknife.client.internal.Factory",
        "kind": "STATIC"
      }, {
        "method": "$loadModules",
        "enclosingType": "org.treblereel.gwt.crysknife.client.internal.Factory",
        "kind": "STATIC"
      }],
      "referencedTypes": ["org.treblereel.gwt.crysknife.client.internal.Factory"],
      "startPosition": {
        "line": 31,
        "column": 2
      },
      "endPosition": {
        "line": 41,
        "column": 2
      }
    }],
    "headerSourceFilePath": "org/treblereel/gwt/crysknife/client/internal/Factory.java.js",
    "implSourceFilePath": "org/treblereel/gwt/crysknife/client/internal/Factory.impl.java.js"
  }, {
    "typeId": "org.treblereel.gwt.crysknife.client.internal.Factory.$LambdaAdaptor",
    "extendsType": "java.lang.Object",
    "implementsType": ["org.treblereel.gwt.crysknife.client.internal.Factory"],
    "member": [{
      "name": "constructor",
      "public": true,
      "invokedMethods": [{
        "method": "$clinit",
        "enclosingType": "org.treblereel.gwt.crysknife.client.internal.Factory.$LambdaAdaptor",
        "kind": "STATIC"
      }, {
        "method": "constructor",
        "enclosingType": "java.lang.Object",
        "kind": "STATIC"
      }, {
        "method": "f_$$fn__org_treblereel_gwt_crysknife_client_internal_Factory_$LambdaAdaptor",
        "enclosingType": "org.treblereel.gwt.crysknife.client.internal.Factory.$LambdaAdaptor"
      }, {
        "method": "$ctor__org_treblereel_gwt_crysknife_client_internal_Factory_$LambdaAdaptor__org_treblereel_gwt_crysknife_client_internal_Factory_$JsFunction",
        "enclosingType": "org.treblereel.gwt.crysknife.client.internal.Factory.$LambdaAdaptor"
      }],
      "referencedTypes": ["org.treblereel.gwt.crysknife.client.internal.Factory.$LambdaAdaptor", "java.lang.Object"],
      "startPosition": {
        "line": 18,
        "column": 2
      },
      "endPosition": {
        "line": 30,
        "column": 2
      }
    }, {
      "name": "$ctor__org_treblereel_gwt_crysknife_client_internal_Factory_$LambdaAdaptor__org_treblereel_gwt_crysknife_client_internal_Factory_$JsFunction",
      "public": true,
      "invokedMethods": [{
        "method": "$ctor__java_lang_Object__",
        "enclosingType": "java.lang.Object"
      }, {
        "method": "f_$$fn__org_treblereel_gwt_crysknife_client_internal_Factory_$LambdaAdaptor",
        "enclosingType": "org.treblereel.gwt.crysknife.client.internal.Factory.$LambdaAdaptor"
      }],
      "startPosition": {
        "line": 30,
        "column": 2
      },
      "endPosition": {
        "line": 40,
        "column": 2
      }
    }, {
      "name": "m_get__",
      "public": true,
      "invokedMethods": [{
        "method": "f_$$fn__org_treblereel_gwt_crysknife_client_internal_Factory_$LambdaAdaptor",
        "enclosingType": "org.treblereel.gwt.crysknife.client.internal.Factory.$LambdaAdaptor"
      }],
      "startPosition": {
        "line": 40,
        "column": 2
      },
      "endPosition": {
        "line": 49,
        "column": 2
      }
    }, {
      "name": "f_$$fn__org_treblereel_gwt_crysknife_client_internal_Factory_$LambdaAdaptor",
      "public": true
    }, {
      "name": "$clinit",
      "public": true,
      "static": true,
      "invokedMethods": [{
        "method": "$clinit",
        "enclosingType": "org.treblereel.gwt.crysknife.client.internal.Factory.$LambdaAdaptor",
        "kind": "STATIC"
      }, {
        "method": "$loadModules",
        "enclosingType": "org.treblereel.gwt.crysknife.client.internal.Factory.$LambdaAdaptor",
        "kind": "STATIC"
      }, {
        "method": "$clinit",
        "enclosingType": "java.lang.Object",
        "kind": "STATIC"
      }],
      "referencedTypes": ["org.treblereel.gwt.crysknife.client.internal.Factory.$LambdaAdaptor", "java.lang.Object"],
      "startPosition": {
        "line": 49,
        "column": 2
      },
      "endPosition": {
        "line": 60,
        "column": 2
      }
    }],
    "headerSourceFilePath": "org/treblereel/gwt/crysknife/client/internal/Factory$$LambdaAdaptor.java.js",
    "implSourceFilePath": "org/treblereel/gwt/crysknife/client/internal/Factory$$LambdaAdaptor.impl.java.js"
  }]
}