{
  "type": [{
    "typeId": "org.gwtproject.timer.client.Timer",
    "extendsType": "java.lang.Object",
    "member": [{
      "name": "constructor",
      "public": true,
      "invokedMethods": [{
        "method": "constructor",
        "enclosingType": "java.lang.Object",
        "kind": "STATIC"
      }, {
        "method": "f_isRepeating__org_gwtproject_timer_client_Timer_",
        "enclosingType": "org.gwtproject.timer.client.Timer"
      }, {
        "method": "f_timerId__org_gwtproject_timer_client_Timer_",
        "enclosingType": "org.gwtproject.timer.client.Timer"
      }],
      "referencedTypes": ["java.lang.Object"],
      "startPosition": {
        "line": 22,
        "column": 2
      },
      "endPosition": {
        "line": 33,
        "column": 2
      }
    }, {
      "name": "$ctor__org_gwtproject_timer_client_Timer__",
      "public": true,
      "invokedMethods": [{
        "method": "$ctor__java_lang_Object__",
        "enclosingType": "java.lang.Object"
      }, {
        "method": "$init__org_gwtproject_timer_client_Timer",
        "enclosingType": "org.gwtproject.timer.client.Timer"
      }],
      "startPosition": {
        "line": 33,
        "column": 2
      },
      "endPosition": {
        "line": 42,
        "column": 2
      }
    }, {
      "name": "m_isRunning__",
      "public": true,
      "invokedMethods": [{
        "method": "f_timerId__org_gwtproject_timer_client_Timer_",
        "enclosingType": "org.gwtproject.timer.client.Timer"
      }, {
        "method": "$same",
        "enclosingType": "nativebootstrap.Equality",
        "kind": "STATIC"
      }],
      "referencedTypes": ["nativebootstrap.Equality"],
      "startPosition": {
        "line": 42,
        "column": 2
      },
      "endPosition": {
        "line": 50,
        "column": 2
      }
    }, {
      "name": "m_cancel__",
      "public": true,
      "invokedMethods": [{
        "method": "m_isRunning__",
        "enclosingType": "org.gwtproject.timer.client.Timer"
      }, {
        "method": "f_isRepeating__org_gwtproject_timer_client_Timer_",
        "enclosingType": "org.gwtproject.timer.client.Timer"
      }, {
        "method": "f_timerId__org_gwtproject_timer_client_Timer_",
        "enclosingType": "org.gwtproject.timer.client.Timer"
      }, {
        "method": "m_doubleValue__java_lang_Double",
        "enclosingType": "java.lang.Double",
        "kind": "STATIC"
      }, {
        "method": "clearInterval",
        "enclosingType": "window",
        "kind": "STATIC"
      }, {
        "method": "clearTimeout",
        "enclosingType": "window",
        "kind": "STATIC"
      }],
      "referencedTypes": ["window", "java.lang.Double"],
      "startPosition": {
        "line": 50,
        "column": 2
      },
      "endPosition": {
        "line": 66,
        "column": 2
      }
    }, {
      "name": "m_run__",
      "public": true,
      "startPosition": {
        "line": 66,
        "column": 2
      },
      "endPosition": {
        "line": 74,
        "column": 2
      }
    }, {
      "name": "m_schedule__int",
      "public": true,
      "invokedMethods": [{
        "method": "$create__java_lang_String",
        "enclosingType": "java.lang.IllegalArgumentException",
        "kind": "STATIC"
      }, {
        "method": "toJs",
        "enclosingType": "vmbootstrap.Exceptions",
        "kind": "STATIC"
      }, {
        "method": "m_isRunning__",
        "enclosingType": "org.gwtproject.timer.client.Timer"
      }, {
        "method": "m_cancel__",
        "enclosingType": "org.gwtproject.timer.client.Timer"
      }, {
        "method": "f_isRepeating__org_gwtproject_timer_client_Timer_",
        "enclosingType": "org.gwtproject.timer.client.Timer"
      }, {
        "method": "f_timerId__org_gwtproject_timer_client_Timer_",
        "enclosingType": "org.gwtproject.timer.client.Timer"
      }, {
        "method": "m_createTimeoutCallback__org_gwtproject_timer_client_Timer_$p_org_gwtproject_timer_client_Timer",
        "enclosingType": "org.gwtproject.timer.client.Timer"
      }, {
        "method": "m_setTimeout__elemental2_dom_DomGlobal_SetTimeoutCallbackFn__double__arrayOf_java_lang_Object",
        "enclosingType": "elemental2.dom.DomGlobal.$Overlay",
        "kind": "STATIC"
      }],
      "referencedTypes": ["vmbootstrap.Exceptions", "java.lang.IllegalArgumentException", "elemental2.dom.DomGlobal.$Overlay"],
      "startPosition": {
        "line": 74,
        "column": 2
      },
      "endPosition": {
        "line": 90,
        "column": 2
      }
    }, {
      "name": "m_scheduleRepeating__int",
      "public": true,
      "invokedMethods": [{
        "method": "$create__java_lang_String",
        "enclosingType": "java.lang.IllegalArgumentException",
        "kind": "STATIC"
      }, {
        "method": "toJs",
        "enclosingType": "vmbootstrap.Exceptions",
        "kind": "STATIC"
      }, {
        "method": "m_isRunning__",
        "enclosingType": "org.gwtproject.timer.client.Timer"
      }, {
        "method": "m_cancel__",
        "enclosingType": "org.gwtproject.timer.client.Timer"
      }, {
        "method": "f_isRepeating__org_gwtproject_timer_client_Timer_",
        "enclosingType": "org.gwtproject.timer.client.Timer"
      }, {
        "method": "f_timerId__org_gwtproject_timer_client_Timer_",
        "enclosingType": "org.gwtproject.timer.client.Timer"
      }, {
        "method": "m_createIntervalCallback__org_gwtproject_timer_client_Timer_$p_org_gwtproject_timer_client_Timer",
        "enclosingType": "org.gwtproject.timer.client.Timer"
      }, {
        "method": "m_setInterval__elemental2_dom_DomGlobal_SetIntervalCallbackFn__double__arrayOf_java_lang_Object",
        "enclosingType": "elemental2.dom.DomGlobal.$Overlay",
        "kind": "STATIC"
      }],
      "referencedTypes": ["vmbootstrap.Exceptions", "java.lang.IllegalArgumentException", "elemental2.dom.DomGlobal.$Overlay"],
      "startPosition": {
        "line": 90,
        "column": 2
      },
      "endPosition": {
        "line": 106,
        "column": 2
      }
    }, {
      "name": "m_fire___$pp_org_gwtproject_timer_client",
      "invokedMethods": [{
        "method": "f_isRepeating__org_gwtproject_timer_client_Timer_",
        "enclosingType": "org.gwtproject.timer.client.Timer"
      }, {
        "method": "f_timerId__org_gwtproject_timer_client_Timer_",
        "enclosingType": "org.gwtproject.timer.client.Timer"
      }, {
        "method": "m_run__",
        "enclosingType": "org.gwtproject.timer.client.Timer"
      }],
      "startPosition": {
        "line": 106,
        "column": 2
      },
      "endPosition": {
        "line": 117,
        "column": 2
      }
    }, {
      "name": "m_createTimeoutCallback__org_gwtproject_timer_client_Timer_$p_org_gwtproject_timer_client_Timer",
      "invokedMethods": [{
        "method": "m_fire___$pp_org_gwtproject_timer_client",
        "enclosingType": "org.gwtproject.timer.client.Timer"
      }],
      "startPosition": {
        "line": 117,
        "column": 2
      },
      "endPosition": {
        "line": 128,
        "column": 2
      }
    }, {
      "name": "m_createIntervalCallback__org_gwtproject_timer_client_Timer_$p_org_gwtproject_timer_client_Timer",
      "invokedMethods": [{
        "method": "m_fire___$pp_org_gwtproject_timer_client",
        "enclosingType": "org.gwtproject.timer.client.Timer"
      }],
      "startPosition": {
        "line": 128,
        "column": 2
      },
      "endPosition": {
        "line": 139,
        "column": 2
      }
    }, {
      "name": "f_isRepeating__org_gwtproject_timer_client_Timer_"
    }, {
      "name": "f_timerId__org_gwtproject_timer_client_Timer_"
    }, {
      "name": "$init__org_gwtproject_timer_client_Timer",
      "jsAccessible": true,
      "invokedMethods": [{
        "method": "f_timerId__org_gwtproject_timer_client_Timer_",
        "enclosingType": "org.gwtproject.timer.client.Timer"
      }],
      "startPosition": {
        "line": 139,
        "column": 2
      },
      "endPosition": {
        "line": 147,
        "column": 2
      }
    }, {
      "name": "$clinit",
      "public": true,
      "static": true,
      "invokedMethods": [{
        "method": "$clinit",
        "enclosingType": "org.gwtproject.timer.client.Timer",
        "kind": "STATIC"
      }, {
        "method": "$loadModules",
        "enclosingType": "org.gwtproject.timer.client.Timer",
        "kind": "STATIC"
      }, {
        "method": "$clinit",
        "enclosingType": "java.lang.Object",
        "kind": "STATIC"
      }],
      "referencedTypes": ["org.gwtproject.timer.client.Timer", "java.lang.Object"],
      "startPosition": {
        "line": 147,
        "column": 2
      },
      "endPosition": {
        "line": 158,
        "column": 2
      }
    }],
    "headerSourceFilePath": "org/gwtproject/timer/client/Timer.java.js",
    "implSourceFilePath": "org/gwtproject/timer/client/Timer.impl.java.js"
  }]
}